[
	{
	"model": "sessions.session", 
	"pk": "2bkyulz2659rpl3zu9siyf8c0yxh05zl", 
	"fields": 
		{
			"session_data": "MmRhZDFlZTRhNWY5NzdhZTlkNWVmZmY4MWQ1MDE4ODA2NzYzNWFjODp7fQ==", 
			"expire_date": "2014-04-01T02:10:27Z"}}, {"model": "sessions.session", "pk": "33zo4gevlm44fe4p71a27pew6p9twu17", "fields": {"session_data": "MWU1NjU4Y2MyNTg0YTdhZTIxZjM0ZjBmYzQxNmI5N2M5ZWUzZTNjODqAA31xAC4=", "expire_date": "2014-04-01T02:15:50Z"}}, {"model": "sessions.session", "pk": "6jtp48cbfdvoe71a08simage1ekqkcwp", "fields": {"session_data": "OWFiOGFkM2E1MjVhYjcyMWM0YTFjZGNiYWJlNWYyY2E3MDI1ZGFjMDqAA31xAChYDQAAAF9hdXRoX3VzZXJfaWRxAUsBWBIAAABfYXV0aF91c2VyX2JhY2tlbmRxAlgpAAAAZGphbmdvLmNvbnRyaWIuYXV0aC5iYWNrZW5kcy5Nb2RlbEJhY2tlbmRxA3Uu", "expire_date": "2014-04-20T03:28:43Z"}}, {"model": "sessions.session", "pk": "a6t54pdim7h62r3yiyqasbessp8kbd9a", "fields": {"session_data": "MWU1NjU4Y2MyNTg0YTdhZTIxZjM0ZjBmYzQxNmI5N2M5ZWUzZTNjODqAA31xAC4=", "expire_date": "2014-04-01T02:13:16Z"}}, {"model": "sessions.session", "pk": "ant7npybntluj4mbd8y05bwv4ztvk6c3", "fields": {"session_data": "YTFjYTgyNDk1ZTdlN2QzN2ZlYTQ3N2IxNTg4NzUyMDc2NzQ5ZmY4NjqAA31xAChYEgAAAF9hdXRoX3VzZXJfYmFja2VuZHEBWCkAAABkamFuZ28uY29udHJpYi5hdXRoLmJhY2tlbmRzLk1vZGVsQmFja2VuZHECWA0AAABfYXV0aF91c2VyX2lkcQNLAXUu", "expire_date": "2014-05-12T23:40:15Z"}}, {"model": "sessions.session", "pk": "au92hm2mhdgv21m61nqa9ttdv9xwagyh", "fields": {"session_data": "MmRhZDFlZTRhNWY5NzdhZTlkNWVmZmY4MWQ1MDE4ODA2NzYzNWFjODp7fQ==", "expire_date": "2014-04-01T02:10:56Z"}}, {"model": "sessions.session", "pk": "d2gh4vw88h7rtnr3ch9h8ouk6n539zbj", "fields": {"session_data": "MmRhZDFlZTRhNWY5NzdhZTlkNWVmZmY4MWQ1MDE4ODA2NzYzNWFjODp7fQ==", "expire_date": "2014-04-01T02:10:37Z"}}, {"model": "sessions.session", "pk": "e45iml17q7p8zfgx9jbvrlk1n395lol7", "fields": {"session_data": "OWFiOGFkM2E1MjVhYjcyMWM0YTFjZGNiYWJlNWYyY2E3MDI1ZGFjMDqAA31xAChYDQAAAF9hdXRoX3VzZXJfaWRxAUsBWBIAAABfYXV0aF91c2VyX2JhY2tlbmRxAlgpAAAAZGphbmdvLmNvbnRyaWIuYXV0aC5iYWNrZW5kcy5Nb2RlbEJhY2tlbmRxA3Uu", "expire_date": "2014-07-15T05:22:11Z"}}, {"model": "sessions.session", "pk": "fwcih3ju7949t29k2y0emjh5uv6zabcs", "fields": {"session_data": "MWU1NjU4Y2MyNTg0YTdhZTIxZjM0ZjBmYzQxNmI5N2M5ZWUzZTNjODqAA31xAC4=", "expire_date": "2014-04-01T02:14:59Z"}}, {"model": "sessions.session", "pk": "gol54km25z03v0xtefgslkva6lon5n1g", "fields": {"session_data": "OWFiOGFkM2E1MjVhYjcyMWM0YTFjZGNiYWJlNWYyY2E3MDI1ZGFjMDqAA31xAChYDQAAAF9hdXRoX3VzZXJfaWRxAUsBWBIAAABfYXV0aF91c2VyX2JhY2tlbmRxAlgpAAAAZGphbmdvLmNvbnRyaWIuYXV0aC5iYWNrZW5kcy5Nb2RlbEJhY2tlbmRxA3Uu", "expire_date": "2014-07-08T13:55:32Z"}}, {"model": "sessions.session", "pk": "hl6hs9dr4iocy9p9eobcrx9659dtmx9g", "fields": {"session_data": "YTFjYTgyNDk1ZTdlN2QzN2ZlYTQ3N2IxNTg4NzUyMDc2NzQ5ZmY4NjqAA31xAChYEgAAAF9hdXRoX3VzZXJfYmFja2VuZHEBWCkAAABkamFuZ28uY29udHJpYi5hdXRoLmJhY2tlbmRzLk1vZGVsQmFja2VuZHECWA0AAABfYXV0aF91c2VyX2lkcQNLAXUu", "expire_date": "2014-08-18T03:59:18Z"}}, {"model": "sessions.session", "pk": "i68imt2mfc2gr39ew2q1lg0hvfz219ut", "fields": {"session_data": "MWU1NjU4Y2MyNTg0YTdhZTIxZjM0ZjBmYzQxNmI5N2M5ZWUzZTNjODqAA31xAC4=", "expire_date": "2014-04-01T02:16:39Z"}}, {"model": "sessions.session", "pk": "jiovpjw1z1fb26bgbkw0b0yse6ie5qet", "fields": {"session_data": "OWFiOGFkM2E1MjVhYjcyMWM0YTFjZGNiYWJlNWYyY2E3MDI1ZGFjMDqAA31xAChYDQAAAF9hdXRoX3VzZXJfaWRxAUsBWBIAAABfYXV0aF91c2VyX2JhY2tlbmRxAlgpAAAAZGphbmdvLmNvbnRyaWIuYXV0aC5iYWNrZW5kcy5Nb2RlbEJhY2tlbmRxA3Uu", "expire_date": "2014-07-05T16:10:02Z"}}, {"model": "sessions.session", "pk": "ksmjpypb6juvxefgwbmjqm69z7504j54", "fields": {"session_data": "MmRhZDFlZTRhNWY5NzdhZTlkNWVmZmY4MWQ1MDE4ODA2NzYzNWFjODp7fQ==", "expire_date": "2014-04-01T02:11:50Z"}}, {"model": "sessions.session", "pk": "lxv09urn4dufonzs4jriny3bhjcv8c6f", "fields": {"session_data": "OWFiOGFkM2E1MjVhYjcyMWM0YTFjZGNiYWJlNWYyY2E3MDI1ZGFjMDqAA31xAChYDQAAAF9hdXRoX3VzZXJfaWRxAUsBWBIAAABfYXV0aF91c2VyX2JhY2tlbmRxAlgpAAAAZGphbmdvLmNvbnRyaWIuYXV0aC5iYWNrZW5kcy5Nb2RlbEJhY2tlbmRxA3Uu", "expire_date": "2014-10-23T02:27:11Z"}}, {"model": "sessions.session", "pk": "m1q86lo4c1xbpabx43ka3lgmigur0upg", "fields": {"session_data": "YTFjYTgyNDk1ZTdlN2QzN2ZlYTQ3N2IxNTg4NzUyMDc2NzQ5ZmY4NjqAA31xAChYEgAAAF9hdXRoX3VzZXJfYmFja2VuZHEBWCkAAABkamFuZ28uY29udHJpYi5hdXRoLmJhY2tlbmRzLk1vZGVsQmFja2VuZHECWA0AAABfYXV0aF91c2VyX2lkcQNLAXUu", "expire_date": "2014-10-07T05:14:31Z"}}, {"model": "sessions.session", "pk": "nhc6hi0h18rwghw7eh6g8tfz22eijwjx", "fields": {"session_data": "YTFjYTgyNDk1ZTdlN2QzN2ZlYTQ3N2IxNTg4NzUyMDc2NzQ5ZmY4NjqAA31xAChYEgAAAF9hdXRoX3VzZXJfYmFja2VuZHEBWCkAAABkamFuZ28uY29udHJpYi5hdXRoLmJhY2tlbmRzLk1vZGVsQmFja2VuZHECWA0AAABfYXV0aF91c2VyX2lkcQNLAXUu", "expire_date": "2014-08-03T18:56:51Z"}}, {"model": "sessions.session", "pk": "orm3gddvlwgypqtae2j7iy6rq6kqts3f", "fields": {"session_data": "YTFjYTgyNDk1ZTdlN2QzN2ZlYTQ3N2IxNTg4NzUyMDc2NzQ5ZmY4NjqAA31xAChYEgAAAF9hdXRoX3VzZXJfYmFja2VuZHEBWCkAAABkamFuZ28uY29udHJpYi5hdXRoLmJhY2tlbmRzLk1vZGVsQmFja2VuZHECWA0AAABfYXV0aF91c2VyX2lkcQNLAXUu", "expire_date": "2014-04-15T14:15:27Z"}}, {"model": "sessions.session", "pk": "q7yu3h6uxr2nrbaxim3ed97t7xlbhewk", "fields": {"session_data": "YTFjYTgyNDk1ZTdlN2QzN2ZlYTQ3N2IxNTg4NzUyMDc2NzQ5ZmY4NjqAA31xAChYEgAAAF9hdXRoX3VzZXJfYmFja2VuZHEBWCkAAABkamFuZ28uY29udHJpYi5hdXRoLmJhY2tlbmRzLk1vZGVsQmFja2VuZHECWA0AAABfYXV0aF91c2VyX2lkcQNLAXUu", "expire_date": "2014-04-01T03:06:41Z"}}, {"model": "sessions.session", "pk": "rredq50tb16gtoopk35zq61q6vkitqs8", "fields": {"session_data": "OWFiOGFkM2E1MjVhYjcyMWM0YTFjZGNiYWJlNWYyY2E3MDI1ZGFjMDqAA31xAChYDQAAAF9hdXRoX3VzZXJfaWRxAUsBWBIAAABfYXV0aF91c2VyX2JhY2tlbmRxAlgpAAAAZGphbmdvLmNvbnRyaWIuYXV0aC5iYWNrZW5kcy5Nb2RlbEJhY2tlbmRxA3Uu", "expire_date": "2014-04-01T02:23:43Z"}}, {"model": "sessions.session", "pk": "skqhnn4ecl5q8et3hl8nnopd1zjyeuv3", "fields": {"session_data": "OWFiOGFkM2E1MjVhYjcyMWM0YTFjZGNiYWJlNWYyY2E3MDI1ZGFjMDqAA31xAChYDQAAAF9hdXRoX3VzZXJfaWRxAUsBWBIAAABfYXV0aF91c2VyX2JhY2tlbmRxAlgpAAAAZGphbmdvLmNvbnRyaWIuYXV0aC5iYWNrZW5kcy5Nb2RlbEJhY2tlbmRxA3Uu", "expire_date": "2014-06-20T16:12:43Z"}}, {"model": "sessions.session", "pk": "t6yh5ke6xaqxbfyk818x1t2my364xj2d", "fields": {"session_data": "OWFiOGFkM2E1MjVhYjcyMWM0YTFjZGNiYWJlNWYyY2E3MDI1ZGFjMDqAA31xAChYDQAAAF9hdXRoX3VzZXJfaWRxAUsBWBIAAABfYXV0aF91c2VyX2JhY2tlbmRxAlgpAAAAZGphbmdvLmNvbnRyaWIuYXV0aC5iYWNrZW5kcy5Nb2RlbEJhY2tlbmRxA3Uu", "expire_date": "2014-09-15T20:52:19Z"}}, {"model": "sessions.session", "pk": "tixwljojeclvkffwcqhpjlw7a8utkwvt", "fields": {"session_data": "OWFiOGFkM2E1MjVhYjcyMWM0YTFjZGNiYWJlNWYyY2E3MDI1ZGFjMDqAA31xAChYDQAAAF9hdXRoX3VzZXJfaWRxAUsBWBIAAABfYXV0aF91c2VyX2JhY2tlbmRxAlgpAAAAZGphbmdvLmNvbnRyaWIuYXV0aC5iYWNrZW5kcy5Nb2RlbEJhY2tlbmRxA3Uu", "expire_date": "2014-06-23T00:25:15Z"}}, {"model": "sessions.session", "pk": "uarr9kp7iodkheaib7rnilhd416mg7vj", "fields": {"session_data": "YTFjYTgyNDk1ZTdlN2QzN2ZlYTQ3N2IxNTg4NzUyMDc2NzQ5ZmY4NjqAA31xAChYEgAAAF9hdXRoX3VzZXJfYmFja2VuZHEBWCkAAABkamFuZ28uY29udHJpYi5hdXRoLmJhY2tlbmRzLk1vZGVsQmFja2VuZHECWA0AAABfYXV0aF91c2VyX2lkcQNLAXUu", "expire_date": "2014-05-30T03:29:04Z"}}, {"model": "sessions.session", "pk": "ufwxa8d676frp0as0gusidpe1n1e8eaa", "fields": {"session_data": "YTFjYTgyNDk1ZTdlN2QzN2ZlYTQ3N2IxNTg4NzUyMDc2NzQ5ZmY4NjqAA31xAChYEgAAAF9hdXRoX3VzZXJfYmFja2VuZHEBWCkAAABkamFuZ28uY29udHJpYi5hdXRoLmJhY2tlbmRzLk1vZGVsQmFja2VuZHECWA0AAABfYXV0aF91c2VyX2lkcQNLAXUu", "expire_date": "2014-07-29T17:16:04Z"}}, {"model": "sessions.session", "pk": "vlcrrnh0c9sr9jx608y6nvkjya2esg5u", "fields": {"session_data": "MWU1NjU4Y2MyNTg0YTdhZTIxZjM0ZjBmYzQxNmI5N2M5ZWUzZTNjODqAA31xAC4=", "expire_date": "2014-04-01T02:13:07Z"}}, {"model": "sessions.session", "pk": "y028ycta0vbmwjrc98pm99yqj8okqsgx", "fields": {"session_data": "MmRhZDFlZTRhNWY5NzdhZTlkNWVmZmY4MWQ1MDE4ODA2NzYzNWFjODp7fQ==", "expire_date": "2014-04-01T02:11:11Z"}}, {"model": "sessions.session", "pk": "zzqh8gsiyidtiivlsxu3co6ce7lq80e5", "fields": {"session_data": "YTFjYTgyNDk1ZTdlN2QzN2ZlYTQ3N2IxNTg4NzUyMDc2NzQ5ZmY4NjqAA31xAChYEgAAAF9hdXRoX3VzZXJfYmFja2VuZHEBWCkAAABkamFuZ28uY29udHJpYi5hdXRoLmJhY2tlbmRzLk1vZGVsQmFja2VuZHECWA0AAABfYXV0aF91c2VyX2lkcQNLAXUu", "expire_date": "2014-04-29T15:47:19Z"}}, {"model": "south.migrationhistory", "pk": 1, "fields": {"applied": "2014-03-14T02:00:28Z", "migration": "0001_initial", "app_name": "main"}}, {"model": "south.migrationhistory", "pk": 2, "fields": {"applied": "2014-03-16T18:59:02Z", "migration": "0001_initial", "app_name": "internal"}}, {"model": "south.migrationhistory", "pk": 3, "fields": {"applied": "2014-03-16T19:11:09Z", "migration": "0002_auto__del_clientcontact__add_contact", "app_name": "internal"}}, {"model": "south.migrationhistory", "pk": 4, "fields": {"applied": "2014-03-16T20:46:47Z", "migration": "0003_auto__chg_field_taskchangeitem_description__del_field_website_title", "app_name": "internal"}}, {"model": "south.migrationhistory", "pk": 5, "fields": {"applied": "2014-03-16T21:17:49Z", "migration": "0004_auto__chg_field_task_title", "app_name": "internal"}}, {"model": "south.migrationhistory", "pk": 6, "fields": {"applied": "2014-03-16T22:01:19Z", "migration": "0005_auto__add_field_task_sent_date", "app_name": "internal"}}, {"model": "south.migrationhistory", "pk": 7, "fields": {"applied": "2014-03-16T22:41:28Z", "migration": "0006_auto__del_field_project_status__add_field_project_active", "app_name": "internal"}}, {"model": "south.migrationhistory", "pk": 8, "fields": {"applied": "2014-03-16T22:45:06Z", "migration": "0007_auto__del_field_contact_contact_first_name__del_field_contact_contact_", "app_name": "internal"}}, {"model": "south.migrationhistory", "pk": 9, "fields": {"applied": "2014-03-16T22:51:28Z", "migration": "0008_auto__chg_field_contact_first_name__chg_field_contact_last_name__chg_f", "app_name": "internal"}}, {"model": "south.migrationhistory", "pk": 10, "fields": {"applied": "2014-03-17T03:32:28Z", "migration": "0009_auto__add_field_task_assigned_to", "app_name": "internal"}}, {"model": "south.migrationhistory", "pk": 11, "fields": {"applied": "2014-03-21T23:24:24Z", "migration": "0010_auto__add_hours__chg_field_task_status", "app_name": "internal"}}, {"model": "south.migrationhistory", "pk": 12, "fields": {"applied": "2014-03-21T23:26:58Z", "migration": "0011_auto__del_field_hours_amount__add_field_hours_hours", "app_name": "internal"}}, {"model": "south.migrationhistory", "pk": 13, "fields": {"applied": "2014-03-21T23:34:05Z", "migration": "0012_auto__del_projectcontact", "app_name": "internal"}}, {"model": "south.migrationhistory", "pk": 14, "fields": {"applied": "2014-03-21T23:50:31Z", "migration": "0013_auto__add_payment", "app_name": "internal"}}, {"model": "south.migrationhistory", "pk": 15, "fields": {"applied": "2014-03-21T23:59:08Z", "migration": "0014_auto__add_field_hours_payment", "app_name": "internal"}}, {"model": "south.migrationhistory", "pk": 16, "fields": {"applied": "2014-03-24T16:22:05Z", "migration": "0015_auto__del_taskchangeitem__add_field_task_dev_notes", "app_name": "internal"}}, {"model": "south.migrationhistory", "pk": 17, "fields": {"applied": "2014-03-27T01:51:09Z", "migration": "0016_auto__del_field_client_title__add_field_client_name", "app_name": "internal"}}, {"model": "south.migrationhistory", "pk": 18, "fields": {"applied": "2014-03-27T03:46:32Z", "migration": "0017_auto__del_payment__add_invoice__del_field_hours_payment__add_field_hou", "app_name": "internal"}}, {"model": "south.migrationhistory", "pk": 19, "fields": {"applied": "2014-04-04T23:33:39Z", "migration": "0001_initial", "app_name": "flowblog"}}, {"model": "south.migrationhistory", "pk": 20, "fields": {"applied": "2014-04-04T23:41:15Z", "migration": "0002_auto__add_tag", "app_name": "flowblog"}}, {"model": "south.migrationhistory", "pk": 21, "fields": {"applied": "2014-04-04T23:53:35Z", "migration": "0003_auto__del_field_post_image", "app_name": "flowblog"}}, {"model": "south.migrationhistory", "pk": 22, "fields": {"applied": "2014-04-04T23:53:58Z", "migration": "0004_auto__chg_field_post_title", "app_name": "flowblog"}}, {"model": "south.migrationhistory", "pk": 23, "fields": {"applied": "2014-04-07T01:52:42Z", "migration": "0005_auto__add_field_post_body__chg_field_post_title", "app_name": "flowblog"}}, {"model": "south.migrationhistory", "pk": 24, "fields": {"applied": "2014-04-07T01:54:26Z", "migration": "0006_auto__add_field_post_active", "app_name": "flowblog"}}, {"model": "south.migrationhistory", "pk": 25, "fields": {"applied": "2014-04-08T02:26:08Z", "migration": "0018_auto__add_field_task_create_date", "app_name": "internal"}}, {"model": "south.migrationhistory", "pk": 26, "fields": {"applied": "2014-07-02T03:14:49Z", "migration": "0019_auto__add_field_invoice_rate", "app_name": "internal"}}, {"model": "south.migrationhistory", "pk": 27, "fields": {"applied": "2014-08-04T18:51:59Z", "migration": "0020_auto__add_field_invoice_start_date__add_field_invoice_end_date", "app_name": "internal"}}, {"model": "main.trait", "pk": 1, "fields": {"image": "traits/tree.gif", "text": "We specialize in working with start-ups or small businesses because that is what we enjoy. We pride ourselves on being well-versed with start-ups from the business-side as well as the technology-side.", "title": "Startup Knowledge"}}, {"model": "main.trait", "pk": 3, "fields": {"image": "traits/responsive_design.jpg", "text": "We pride ourselves with developing great products. Every day development is becoming more of an art, and it is beautiful. All our websites are data-driven, scalable and simple to manage.", "title": "First Class Development"}}, {"model": "main.trait", "pk": 4, "fields": {"image": "traits/dedicationjpg.jpg", "text": "We're not a pump and dump IT company. We have plans to stick it through with you and contribute ideas to the project. We will only accept projects that we care about and can join the team.", "title": "Dedication"}}, {"model": "main.trait", "pk": 6, "fields": {"image": "traits/bridge.jpg", "text": "We know business. We know IT. The path is not always clear, but we know the way.", "title": "Business and IT"}}, {"model": "main.example", "pk": 1, "fields": {"image": "examples/Screen Shot 2014-10-08 at 9.34.58 PM.png", "text": "Travel Blog platform for people to write their travel blogs and for people to find them by region and/or topic", "title": "Travel Blog Wave", "link": "http://www.travelblogwave.com", "order": 30}}, {"model": "main.example", "pk": 2, "fields": {"image": "examples/tbs.JPG", "text": "Search travel blogs throughout the world by region, category, rating or description. Users submit content to create a user-driven website", "title": "Travel Blog Source", "link": "http://travelblogsource.com", "order": 20}}, {"model": "main.example", "pk": 3, "fields": {"image": "examples/Screen Shot 2014-10-08 at 9.27.56 PM.png", "text": "Place for students to search off-campus living options as well as learn about the communities around their college campus", "title": "RentVersity", "link": "http://studentrentit.pythonanywhere.com", "order": 10}}, {"model": "main.contact", "pk": 4, "fields": {"company": "sri", "message": "asdfadsf", "email": "aw90202@yahoo.com", "skype": "", "name": "adam"}}, {"model": "main.contact", "pk": 5, "fields": {"company": "sri", "message": "asdfadsf", "email": "aw90202@yahoo.com", "skype": "", "name": "adam"}}, {"model": "main.contact", "pk": 6, "fields": {"company": "sri", "message": "asdfadsf", "email": "aw90202@yahoo.com", "skype": "", "name": "adam"}}, {"model": "main.contact", "pk": 7, "fields": {"company": "google", "message": "Hello, my name is Morty Goldman; I just stumbled upon your site - www.azulcloudstudio.com - I'm sorry to write in such an odd manner, I thought to call you but I didn't want to take up your time. What I have to say may be of great interest to you. Did you know that an overwhelming majority of businesses, organizations and celebrities buy likes and followers? What, you thought your competitor's likes and followers are organic and naturally gained? Ha ha. Just recently Gangman Style ( http://www.youtube.com/watch?v=9bZkp7q19f0 ) reached a record 2 billion views. Now imagine the scale of Gangnam Style's popularity being applied to your business! This is exactly how I deliver results to my clients - and I assure you that you'll be overwhelmingly pleased with the outcome. \r\n \r\nGive us a call: +1 (877) 410-4002 \r\nor visit us at http://www.SuperbSocial.net", "email": "support@superbsocial.net", "skype": "", "name": "Morty"}}, {"model": "main.contact", "pk": 8, "fields": {"company": "azul cloud", "message": "Hello,\r\nI would like to blah blah blah\r\n\r\nThanks,\r\nAdam", "email": "awwester@gmail.com", "skype": "", "name": "Adam"}}, {"model": "main.contact", "pk": 9, "fields": {"company": "blah", "message": "abaklsdjfkasd", "email": "aw90202@yahoo.com", "skype": "hello", "name": "Adam"}}, {"model": "main.contact", "pk": 10, "fields": {"company": "CloudStudio", "message": "Hello Sir\r\n \r\nDomain name CloudStudio.net is for sale, visit domain to buy or update here.\r\n \r\nLooking forward your response.\r\n \r\nbest regards\r\nJimmy Thomas", "email": "bluereader@hotmail.com", "skype": "", "name": "Jimmy Thomas"}}, {"model": "main.contact", "pk": 11, "fields": {"company": "google", "message": "<a href=http://genericbuynexium.com/>Nexium 40mg</a> <a href=\"http://zithromax-online-buy.org/\">Buy Zithromax</a> http://celebrex-buy-online.com/", "email": "iojizedo@ssteermail.com", "skype": "", "name": "wesajamic"}}, {"model": "main.contact", "pk": 12, "fields": {"company": "google", "message": "<a href=http://genericbuynexium.com/>Buy Nexium</a> <a href=\"http://zithromax-online-buy.org/\">Buy Azithromycin</a> http://celebrex-buy-online.com/", "email": "uiyiyuvi@satabmail.com", "skype": "", "name": "uqiiwuaheh"}}, {"model": "main.contact", "pk": 13, "fields": {"company": "google", "message": "<a href=http://genericbuynexium.com/>Generic Nexium</a> <a href=\"http://zithromax-online-buy.org/\">Buy Azithromycin Online</a> http://celebrex-buy-online.com/", "email": "ecaquve@timgmail.com", "skype": "", "name": "iefuyaniyi"}}, {"model": "main.contact", "pk": 14, "fields": {"company": "google", "message": "<a href=http://genericbuynexium.com/>Nexium</a> <a href=\"http://zithromax-online-buy.org/\">Zithromax Rash</a> http://celebrex-buy-online.com/", "email": "ofomezd@ssteermail.com", "skype": "", "name": "exicmemcieweo"}}, {"model": "main.contact", "pk": 15, "fields": {"company": "google", "message": "<a href=http://genericbuynexium.com/>Nexium Generic</a> <a href=\"http://zithromax-online-buy.org/\">Buy Azithromycin</a> http://celebrex-buy-online.com/", "email": "awuzat@timgmail.com", "skype": "", "name": "ejenaseloqa"}}, {"model": "main.contact", "pk": 16, "fields": {"company": "google", "message": "<a href=http://genericbuynexium.com/>Esomeprazole 40 Mg</a> <a href=\"http://zithromax-online-buy.org/\">Zithromax Online</a> http://celebrex-buy-online.com/", "email": "ikixorzu@satabmail.com", "skype": "", "name": "avifcubic"}}, {"model": "main.contact", "pk": 17, "fields": {"company": "google", "message": "http://viagra-genericbuy.com/ - Cheap Viagra <a href=\"http://generic-viagradiscount.com/\">Viagra</a> http://viagrapriceof.com/", "email": "icaorkani@gmailcomcom.com", "skype": "", "name": "aqkemhekaju"}}, {"model": "main.contact", "pk": 18, "fields": {"company": "google", "message": "http://viagra-genericbuy.com/ - Viagra <a href=\"http://generic-viagradiscount.com/\">Viagra 100mg</a> http://viagrapriceof.com/", "email": "azoxug@retrmailse.com", "skype": "", "name": "hiyetano"}}, {"model": "main.contact", "pk": 19, "fields": {"company": "google", "message": "http://viagra-genericbuy.com/ - Pharmacy Viagra <a href=\"http://generic-viagradiscount.com/\">Viagra 100mg</a> http://viagrapriceof.com/", "email": "uhacawak@erertmail.com", "skype": "", "name": "ipepehawunev"}}, {"model": "flowblog.tag", "pk": 1, "fields": {"title": "Small Business"}}, {"model": "flowblog.tag", "pk": 2, "fields": {"title": "Startup Business"}}, {"model": "flowblog.tag", "pk": 3, "fields": {"title": "Django"}}, {"model": "flowblog.tag", "pk": 4, "fields": {"title": "Bootstrap"}}, {"model": "internal.contact", "pk": 3, "fields": {"first_name": "adam", "last_name": "wester", "email": "awwester@gmail.com"}}, {"model": "internal.contact", "pk": 4, "fields": {"first_name": "Brenden", "last_name": "Martin", "email": "brendenmartin1987@yahoo.com"}}, {"model": "internal.contact", "pk": 5, "fields": {"first_name": "Dennis", "last_name": "Wester", "email": "dwwester@bossig.net"}}, {"model": "internal.contact", "pk": 6, "fields": {"first_name": "Aly", "last_name": "Torres", "email": "alytorrescocina@gmail.com"}}, {"model": "internal.contact", "pk": 7, "fields": {"first_name": "James", "last_name": "Skewes", "email": "j.skewes@insideedgegym.com.au"}}, {"model": "internal.client", "pk": 1, "fields": {"contacts": [4], "name": "Student Rent It"}}, {"model": "internal.client", "pk": 2, "fields": {"contacts": [3], "name": "Adam Wester"}}, {"model": "internal.client", "pk": 3, "fields": {"contacts": [3, 5], "name": "Dennis Wester"}}, {"model": "internal.client", "pk": 4, "fields": {"contacts": [6], "name": "Aly Torres Cocina"}}, {"model": "internal.client", "pk": 5, "fields": {"contacts": [7], "name": "Inside Edge"}}, {"model": "internal.client", "pk": 6, "fields": {"contacts": [4], "name": "Brenden Martin"}}, {"model": "internal.project", "pk": 1, "fields": {"active": true, "pay_type": "P", "contacts": [3, 4], "client": 1, "pay_cycle": "M", "description": "Website for students to find housing and community within their campuses", "pay_amount": "50.00", "payroll_contacts": [], "title": "Student Rent It"}}, {"model": "internal.project", "pk": 2, "fields": {"active": true, "pay_type": "P", "contacts": [3], "client": 2, "pay_cycle": "O", "description": "Site to find travel blogs as well as help blog owners grow their blogs", "pay_amount": "5.00", "payroll_contacts": [3], "title": "Travel Blog Source"}}, {"model": "internal.project", "pk": 3, "fields": {"active": true, "pay_type": "P", "contacts": [5], "client": 3, "pay_cycle": "W", "description": "Translating Site for technical science articles from Russian to English", "pay_amount": "0.00", "payroll_contacts": [], "title": "Dennis Wester Translating"}}, {"model": "internal.project", "pk": 4, "fields": {"active": true, "pay_type": "I", "contacts": [6], "client": 4, "pay_cycle": "M", "description": "Restaurant in Pereira Colombia", "pay_amount": "0.00", "payroll_contacts": [], "title": "Aly Torres Cocina"}}, {"model": "internal.project", "pk": 5, "fields": {"active": true, "pay_type": "P", "contacts": [7], "client": 5, "pay_cycle": "M", "description": "Climbing Gym in Australia. Basic informational website without much advanced functionality.", "pay_amount": "45.00", "payroll_contacts": [], "title": "Inside Edge Gym"}}, {"model": "internal.project", "pk": 6, "fields": {"active": true, "pay_type": "P", "contacts": [4], "client": 6, "pay_cycle": "M", "description": "The new project that has taken over Student Rent It", "pay_amount": "50.00", "payroll_contacts": [], "title": "RentVersity"}}, {"model": "internal.website", "pk": 1, "fields": {"css_library": "BS3", "js_library": "J10", "django_version": "1.6", "project": 1, "status": "P", "description": "The website for the Student Rent It Project"}}, {"model": "internal.website", "pk": 2, "fields": {"css_library": "BS3", "js_library": "J10", "django_version": "1.3", "project": 2, "status": "I", "description": "Documentation will be done later"}}, {"model": "internal.website", "pk": 3, "fields": {"css_library": "BS3", "js_library": "J21", "django_version": "1.6", "project": 4, "status": "I", "description": "Website to show information about a restaurant"}}, {"model": "internal.website", "pk": 4, "fields": {"css_library": "BS3", "js_library": "J21", "django_version": "1.6", "project": 5, "status": "N", "description": "Basic website without much advanced functionality"}}, {"model": "internal.invoice", "pk": 14, "fields": {"invoice_date": "2014-04-01", "start_date": null, "rate": "35.00", "project": 1, "due_date": null, "end_date": null, "status": "C"}}, {"model": "internal.invoice", "pk": 18, "fields": {"invoice_date": "2014-04-30", "start_date": null, "rate": "80.00", "project": 1, "due_date": null, "end_date": null, "status": "C"}}, {"model": "internal.invoice", "pk": 21, "fields": {"invoice_date": "2014-06-07", "start_date": null, "rate": null, "project": 4, "due_date": null, "end_date": null, "status": "C"}}, {"model": "internal.invoice", "pk": 29, "fields": {"invoice_date": "2014-07-01", "start_date": null, "rate": "65.00", "project": 1, "due_date": null, "end_date": null, "status": "C"}}, {"model": "internal.invoice", "pk": 34, "fields": {"invoice_date": "2014-08-01", "start_date": null, "rate": "65.00", "project": 1, "due_date": null, "end_date": null, "status": "C"}}, {"model": "internal.invoice", "pk": 40, "fields": {"invoice_date": "2014-08-04", "start_date": "2014-07-01", "rate": "45.00", "project": 5, "due_date": null, "end_date": "2014-07-31", "status": "W"}}, {"model": "internal.invoice", "pk": 41, "fields": {"invoice_date": "2014-08-04", "start_date": "2014-04-01", "rate": "0.00", "project": 3, "due_date": null, "end_date": "2014-07-31", "status": "W"}}, {"model": "internal.invoice", "pk": 44, "fields": {"invoice_date": "2014-08-06", "start_date": "2014-08-01", "rate": "65.00", "project": 1, "due_date": null, "end_date": "2014-08-05", "status": "C"}}, {"model": "internal.invoice", "pk": 45, "fields": {"invoice_date": "2014-10-02", "start_date": "2014-09-01", "rate": "50.00", "project": 6, "due_date": null, "end_date": "2014-09-30", "status": "P"}}, {"model": "internal.hours", "pk": 1, "fields": {"hours": 6, "project": 1, "invoice": 14, "date": "2014-03-21", "description": ""}}, {"model": "internal.hours", "pk": 2, "fields": {"hours": 1, "project": 1, "invoice": 14, "date": "2014-03-20", "description": ""}}, {"model": "internal.hours", "pk": 3, "fields": {"hours": 4, "project": 1, "invoice": 14, "date": "2014-03-23", "description": ""}}, {"model": "internal.hours", "pk": 4, "fields": {"hours": 5, "project": 1, "invoice": 14, "date": "2014-03-24", "description": "Reporting organization and some new reports to benefit owners and admins"}}, {"model": "internal.hours", "pk": 5, "fields": {"hours": 5, "project": 1, "invoice": 14, "date": "2014-03-25", "description": "Package and Services front-end"}}, {"model": "internal.hours", "pk": 11, "fields": {"hours": 5, "project": 1, "invoice": 14, "date": "2014-03-26", "description": "middle layer and beginning back-end for payments, packages, services"}}, {"model": "internal.hours", "pk": 12, "fields": {"hours": 10, "project": 1, "invoice": 14, "date": "2014-03-27", "description": ""}}, {"model": "internal.hours", "pk": 13, "fields": {"hours": 7, "project": 1, "invoice": 14, "date": "2014-03-28", "description": ""}}, {"model": "internal.hours", "pk": 14, "fields": {"hours": 3, "project": 1, "invoice": 14, "date": "2014-03-30", "description": ""}}, {"model": "internal.hours", "pk": 15, "fields": {"hours": 8, "project": 1, "invoice": 14, "date": "2014-03-31", "description": "Integrating Stripe Payment Portal"}}, {"model": "internal.hours", "pk": 16, "fields": {"hours": 2, "project": 3, "invoice": 41, "date": "2014-04-02", "description": "Investigation into translating website design"}}, {"model": "internal.hours", "pk": 17, "fields": {"hours": 8, "project": 1, "invoice": 18, "date": "2014-04-03", "description": "One Time Payments"}}, {"model": "internal.hours", "pk": 18, "fields": {"hours": 4, "project": 3, "invoice": 41, "date": "2014-04-03", "description": "Initial Set Up"}}, {"model": "internal.hours", "pk": 19, "fields": {"hours": 8, "project": 1, "invoice": 18, "date": "2014-04-04", "description": "Multiple Videos, Blog Design Fixes, Blog Enhancements"}}, {"model": "internal.hours", "pk": 20, "fields": {"hours": 9, "project": 1, "invoice": 18, "date": "2014-04-05", "description": "Adding Schedule functionality, improving/standardizing Contact/Schedule"}}, {"model": "internal.hours", "pk": 21, "fields": {"hours": 9, "project": 1, "invoice": 18, "date": "2014-04-07", "description": "home page design changes, social integration, footer change, Favoites page improvement"}}, {"model": "internal.hours", "pk": 22, "fields": {"hours": 2, "project": 1, "invoice": 18, "date": "2014-04-09", "description": "search bug fixes, Community preparation"}}, {"model": "internal.hours", "pk": 23, "fields": {"hours": 5, "project": 1, "invoice": 18, "date": "2014-04-10", "description": "Community"}}, {"model": "internal.hours", "pk": 24, "fields": {"hours": 7, "project": 1, "invoice": 18, "date": "2014-04-11", "description": "Community, Front-Page changes"}}, {"model": "internal.hours", "pk": 25, "fields": {"hours": 2, "project": 1, "invoice": 18, "date": "2014-04-13", "description": "Community, Schedule summary"}}, {"model": "internal.hours", "pk": 26, "fields": {"hours": 7, "project": 1, "invoice": 18, "date": "2014-04-14", "description": "email changes, full apartment list, blog changes"}}, {"model": "internal.hours", "pk": 27, "fields": {"hours": 2, "project": 1, "invoice": 18, "date": "2014-04-15", "description": "Bug fixes, Favorite Impression"}}, {"model": "internal.hours", "pk": 28, "fields": {"hours": 1, "project": 1, "invoice": 18, "date": "2014-04-28", "description": "sitemap link changes"}}, {"model": "internal.hours", "pk": 29, "fields": {"hours": 4, "project": 4, "invoice": 21, "date": "2014-04-30", "description": "initial project set up"}}, {"model": "internal.hours", "pk": 30, "fields": {"hours": 4, "project": 1, "invoice": 29, "date": "2014-06-06", "description": "Blog App"}}, {"model": "internal.hours", "pk": 31, "fields": {"hours": 6, "project": 4, "invoice": 21, "date": "2014-05-15", "description": "setup, language cookie"}}, {"model": "internal.hours", "pk": 32, "fields": {"hours": 4, "project": 4, "invoice": 21, "date": "2014-05-16", "description": "db models, view db objects, images"}}, {"model": "internal.hours", "pk": 33, "fields": {"hours": 2, "project": 4, "invoice": 21, "date": "2014-05-17", "description": ""}}, {"model": "internal.hours", "pk": 34, "fields": {"hours": 5, "project": 4, "invoice": 21, "date": "2014-05-20", "description": "Template Design"}}, {"model": "internal.hours", "pk": 35, "fields": {"hours": 4, "project": 4, "invoice": 21, "date": "2014-05-21", "description": "Template Design, Social Integration"}}, {"model": "internal.hours", "pk": 36, "fields": {"hours": 2, "project": 4, "invoice": 21, "date": "2014-05-23", "description": "Responsiveness"}}, {"model": "internal.hours", "pk": 37, "fields": {"hours": 3, "project": 4, "invoice": 21, "date": "2014-05-27", "description": "English side of site"}}, {"model": "internal.hours", "pk": 38, "fields": {"hours": 4, "project": 1, "invoice": 29, "date": "2014-06-07", "description": "Property App, Property API"}}, {"model": "internal.hours", "pk": 39, "fields": {"hours": 3, "project": 1, "invoice": 29, "date": "2014-06-08", "description": "School App"}}, {"model": "internal.hours", "pk": 40, "fields": {"hours": 8, "project": 1, "invoice": 29, "date": "2014-06-09", "description": "app template objects, api/scraping"}}, {"model": "internal.hours", "pk": 41, "fields": {"hours": 9, "project": 1, "invoice": 29, "date": "2014-06-10", "description": "web scraping research, web scraping install, web scraping development"}}, {"model": "internal.hours", "pk": 42, "fields": {"hours": 7, "project": 1, "invoice": 29, "date": "2014-06-11", "description": "scrape models, scrape property data"}}, {"model": "internal.hours", "pk": 43, "fields": {"hours": 2, "project": 1, "invoice": 29, "date": "2014-06-12", "description": "scraping"}}, {"model": "internal.hours", "pk": 44, "fields": {"hours": 7, "project": 1, "invoice": 29, "date": "2014-06-13", "description": "scrape apartment pics, floor plans, features"}}, {"model": "internal.hours", "pk": 45, "fields": {"hours": 5, "project": 1, "invoice": 29, "date": "2014-06-16", "description": "planning, local installation"}}, {"model": "internal.hours", "pk": 46, "fields": {"hours": 7, "project": 1, "invoice": 29, "date": "2014-06-17", "description": "interview, local setup"}}, {"model": "internal.hours", "pk": 47, "fields": {"hours": 5, "project": 1, "invoice": 29, "date": "2014-06-18", "description": "interviews, github setup"}}, {"model": "internal.hours", "pk": 48, "fields": {"hours": 4, "project": 1, "invoice": 29, "date": "2014-06-19", "description": "local setup"}}, {"model": "internal.hours", "pk": 49, "fields": {"hours": 3, "project": 1, "invoice": 29, "date": "2014-06-20", "description": "local dev, model separation"}}, {"model": "internal.hours", "pk": 50, "fields": {"hours": 3, "project": 1, "invoice": 29, "date": "2014-06-21", "description": "data load"}}, {"model": "internal.hours", "pk": 51, "fields": {"hours": 6, "project": 1, "invoice": 29, "date": "2014-06-24", "description": "model separation, form separation"}}, {"model": "internal.hours", "pk": 52, "fields": {"hours": 4, "project": 1, "invoice": 29, "date": "2014-06-25", "description": "interview, scraping"}}, {"model": "internal.hours", "pk": 53, "fields": {"hours": 1, "project": 1, "invoice": 29, "date": "2014-06-26", "description": "scraping"}}, {"model": "internal.hours", "pk": 54, "fields": {"hours": 7, "project": 1, "invoice": 29, "date": "2014-06-29", "description": "Scraping Admin"}}, {"model": "internal.hours", "pk": 55, "fields": {"hours": 7, "project": 1, "invoice": 29, "date": "2014-06-30", "description": "scraping admin and transfer"}}, {"model": "internal.hours", "pk": 56, "fields": {"hours": 7, "project": 1, "invoice": 34, "date": "2014-07-01", "description": "Scrape Admin, Github repo setup"}}, {"model": "internal.hours", "pk": 57, "fields": {"hours": 9, "project": 1, "invoice": 34, "date": "2014-07-02", "description": "Migration of web scraping, git source control, favorite page fix"}}, {"model": "internal.hours", "pk": 58, "fields": {"hours": 5, "project": 1, "invoice": 34, "date": "2014-07-06", "description": "github branches, remove flowtask"}}, {"model": "internal.hours", "pk": 59, "fields": {"hours": 9, "project": 1, "invoice": 34, "date": "2014-07-07", "description": "model tests, view tests, git merge shit :("}}, {"model": "internal.hours", "pk": 60, "fields": {"hours": 2, "project": 1, "invoice": 34, "date": "2014-07-08", "description": "post request tests"}}, {"model": "internal.hours", "pk": 61, "fields": {"hours": 4, "project": 1, "invoice": 34, "date": "2014-07-14", "description": "onboard, setup"}}, {"model": "internal.hours", "pk": 62, "fields": {"hours": 8, "project": 1, "invoice": 34, "date": "2014-07-15", "description": "local setup, organization, tasks"}}, {"model": "internal.hours", "pk": 63, "fields": {"hours": 5, "project": 1, "invoice": 34, "date": "2014-07-16", "description": ""}}, {"model": "internal.hours", "pk": 64, "fields": {"hours": 2, "project": 5, "invoice": 40, "date": "2014-07-20", "description": "basic setup for splash page"}}, {"model": "internal.hours", "pk": 65, "fields": {"hours": 8, "project": 1, "invoice": 34, "date": "2014-07-21", "description": ""}}, {"model": "internal.hours", "pk": 66, "fields": {"hours": 1, "project": 1, "invoice": 34, "date": "2014-07-22", "description": ""}}, {"model": "internal.hours", "pk": 67, "fields": {"hours": 11, "project": 1, "invoice": 34, "date": "2014-07-23", "description": ""}}, {"model": "internal.hours", "pk": 68, "fields": {"hours": 6, "project": 1, "invoice": 34, "date": "2014-07-24", "description": ""}}, {"model": "internal.hours", "pk": 69, "fields": {"hours": 3, "project": 1, "invoice": 34, "date": "2014-07-27", "description": ""}}, {"model": "internal.hours", "pk": 70, "fields": {"hours": 5, "project": 1, "invoice": 34, "date": "2014-07-28", "description": ""}}, {"model": "internal.hours", "pk": 71, "fields": {"hours": 8, "project": 1, "invoice": 34, "date": "2014-07-29", "description": ""}}, {"model": "internal.hours", "pk": 72, "fields": {"hours": 6, "project": 1, "invoice": 34, "date": "2014-07-30", "description": ""}}, {"model": "internal.hours", "pk": 73, "fields": {"hours": 10, "project": 1, "invoice": 34, "date": "2014-07-31", "description": ""}}, {"model": "internal.hours", "pk": 74, "fields": {"hours": 8, "project": 1, "invoice": 44, "date": "2014-08-01", "description": ""}}, {"model": "internal.hours", "pk": 75, "fields": {"hours": 7, "project": 1, "invoice": 44, "date": "2014-08-02", "description": ""}}, {"model": "internal.hours", "pk": 76, "fields": {"hours": 5, "project": 1, "invoice": 44, "date": "2014-08-03", "description": ""}}, {"model": "internal.hours", "pk": 77, "fields": {"hours": 5, "project": 1, "invoice": 44, "date": "2014-08-04", "description": ""}}, {"model": "internal.hours", "pk": 78, "fields": {"hours": 6, "project": 1, "invoice": 44, "date": "2014-08-05", "description": ""}}, {"model": "internal.hours", "pk": 79, "fields": {"hours": 10, "project": 6, "invoice": 45, "date": "2014-09-22", "description": "Will have descriptions on github, won't be using this anymore"}}, {"model": "internal.hours", "pk": 80, "fields": {"hours": 7, "project": 6, "invoice": 45, "date": "2014-09-23", "description": ""}}, {"model": "internal.hours", "pk": 81, "fields": {"hours": 5, "project": 6, "invoice": 45, "date": "2014-09-24", "description": ""}}, {"model": "internal.hours", "pk": 82, "fields": {"hours": 10, "project": 6, "invoice": 45, "date": "2014-09-25", "description": ""}}, {"model": "internal.hours", "pk": 83, "fields": {"hours": 6, "project": 6, "invoice": 45, "date": "2014-09-26", "description": ""}}, {"model": "internal.hours", "pk": 84, "fields": {"hours": 4, "project": 6, "invoice": 45, "date": "2014-09-27", "description": ""}}, {"model": "internal.hours", "pk": 85, "fields": {"hours": 3, "project": 6, "invoice": 45, "date": "2014-09-28", "description": ""}}, {"model": "auth.permission", "pk": 1, "fields": {"codename": "add_logentry", "content_type": 1, "name": "Can add log entry"}}, {"model": "auth.permission", "pk": 2, "fields": {"codename": "change_logentry", "content_type": 1, "name": "Can change log entry"}}, {"model": "auth.permission", "pk": 3, "fields": {"codename": "delete_logentry", "content_type": 1, "name": "Can delete log entry"}}, {"model": "auth.permission", "pk": 4, "fields": {"codename": "add_permission", "content_type": 2, "name": "Can add permission"}}, {"model": "auth.permission", "pk": 5, "fields": {"codename": "change_permission", "content_type": 2, "name": "Can change permission"}}, {"model": "auth.permission", "pk": 6, "fields": {"codename": "delete_permission", "content_type": 2, "name": "Can delete permission"}}, {"model": "auth.permission", "pk": 7, "fields": {"codename": "add_group", "content_type": 3, "name": "Can add group"}}, {"model": "auth.permission", "pk": 8, "fields": {"codename": "change_group", "content_type": 3, "name": "Can change group"}}, {"model": "auth.permission", "pk": 9, "fields": {"codename": "delete_group", "content_type": 3, "name": "Can delete group"}}, {"model": "auth.permission", "pk": 10, "fields": {"codename": "add_user", "content_type": 4, "name": "Can add user"}}, {"model": "auth.permission", "pk": 11, "fields": {"codename": "change_user", "content_type": 4, "name": "Can change user"}}, {"model": "auth.permission", "pk": 12, "fields": {"codename": "delete_user", "content_type": 4, "name": "Can delete user"}}, {"model": "auth.permission", "pk": 13, "fields": {"codename": "add_contenttype", "content_type": 5, "name": "Can add content type"}}, {"model": "auth.permission", "pk": 14, "fields": {"codename": "change_contenttype", "content_type": 5, "name": "Can change content type"}}, {"model": "auth.permission", "pk": 15, "fields": {"codename": "delete_contenttype", "content_type": 5, "name": "Can delete content type"}}, {"model": "auth.permission", "pk": 16, "fields": {"codename": "add_session", "content_type": 6, "name": "Can add session"}}, {"model": "auth.permission", "pk": 17, "fields": {"codename": "change_session", "content_type": 6, "name": "Can change session"}}, {"model": "auth.permission", "pk": 18, "fields": {"codename": "delete_session", "content_type": 6, "name": "Can delete session"}}, {"model": "auth.permission", "pk": 19, "fields": {"codename": "add_migrationhistory", "content_type": 7, "name": "Can add migration history"}}, {"model": "auth.permission", "pk": 20, "fields": {"codename": "change_migrationhistory", "content_type": 7, "name": "Can change migration history"}}, {"model": "auth.permission", "pk": 21, "fields": {"codename": "delete_migrationhistory", "content_type": 7, "name": "Can delete migration history"}}, {"model": "auth.permission", "pk": 22, "fields": {"codename": "add_trait", "content_type": 9, "name": "Can add trait"}}, {"model": "auth.permission", "pk": 23, "fields": {"codename": "change_trait", "content_type": 9, "name": "Can change trait"}}, {"model": "auth.permission", "pk": 24, "fields": {"codename": "delete_trait", "content_type": 9, "name": "Can delete trait"}}, {"model": "auth.permission", "pk": 25, "fields": {"codename": "add_example", "content_type": 10, "name": "Can add example"}}, {"model": "auth.permission", "pk": 26, "fields": {"codename": "change_example", "content_type": 10, "name": "Can change example"}}, {"model": "auth.permission", "pk": 27, "fields": {"codename": "delete_example", "content_type": 10, "name": "Can delete example"}}, {"model": "auth.permission", "pk": 28, "fields": {"codename": "add_contact", "content_type": 8, "name": "Can add contact"}}, {"model": "auth.permission", "pk": 29, "fields": {"codename": "change_contact", "content_type": 8, "name": "Can change contact"}}, {"model": "auth.permission", "pk": 30, "fields": {"codename": "delete_contact", "content_type": 8, "name": "Can delete contact"}}, {"model": "auth.permission", "pk": 31, "fields": {"codename": "add_client", "content_type": 11, "name": "Can add client"}}, {"model": "auth.permission", "pk": 32, "fields": {"codename": "change_client", "content_type": 11, "name": "Can change client"}}, {"model": "auth.permission", "pk": 33, "fields": {"codename": "delete_client", "content_type": 11, "name": "Can delete client"}}, {"model": "auth.permission", "pk": 37, "fields": {"codename": "add_project", "content_type": 13, "name": "Can add project"}}, {"model": "auth.permission", "pk": 38, "fields": {"codename": "change_project", "content_type": 13, "name": "Can change project"}}, {"model": "auth.permission", "pk": 39, "fields": {"codename": "delete_project", "content_type": 13, "name": "Can delete project"}}, {"model": "auth.permission", "pk": 43, "fields": {"codename": "add_website", "content_type": 15, "name": "Can add website"}}, {"model": "auth.permission", "pk": 44, "fields": {"codename": "change_website", "content_type": 15, "name": "Can change website"}}, {"model": "auth.permission", "pk": 45, "fields": {"codename": "delete_website", "content_type": 15, "name": "Can delete website"}}, {"model": "auth.permission", "pk": 46, "fields": {"codename": "add_task", "content_type": 16, "name": "Can add task"}}, {"model": "auth.permission", "pk": 47, "fields": {"codename": "change_task", "content_type": 16, "name": "Can change task"}}, {"model": "auth.permission", "pk": 48, "fields": {"codename": "delete_task", "content_type": 16, "name": "Can delete task"}}, {"model": "auth.permission", "pk": 52, "fields": {"codename": "add_contact", "content_type": 18, "name": "Can add contact"}}, {"model": "auth.permission", "pk": 53, "fields": {"codename": "change_contact", "content_type": 18, "name": "Can change contact"}}, {"model": "auth.permission", "pk": 54, "fields": {"codename": "delete_contact", "content_type": 18, "name": "Can delete contact"}}, {"model": "auth.permission", "pk": 55, "fields": {"codename": "add_hours", "content_type": 19, "name": "Can add hours"}}, {"model": "auth.permission", "pk": 56, "fields": {"codename": "change_hours", "content_type": 19, "name": "Can change hours"}}, {"model": "auth.permission", "pk": 57, "fields": {"codename": "delete_hours", "content_type": 19, "name": "Can delete hours"}}, {"model": "auth.user", "pk": 1, "fields": {"date_joined": "2014-03-14T01:58:19Z", "first_name": "Adam", "username": "admin", "is_staff": true, "password": "pbkdf2_sha256$12000$rDkyM5vLqY3c$Z5VUWNjW0ODYCPaP6HPqWW2cH0pPWG5RHJ+uQ82m16E=", "user_permissions": [], "is_active": true, "email": "awwester@gmail.com", "last_name": "Wester", "is_superuser": true, "groups": [], "last_login": "2014-10-09T02:27:11Z"}}, {"model": "flowblog.post", "pk": 1, "fields": {"active": true, "tags": [1, 2], "heading": "Combining all my interests into one company. That's what it's all about!", "body": "<p>First of all, welcome! I'm quite excited about this new project and have many ideas of where I would like to take it.</p>\r\n\r\n<p>First and foremost, Azul Cloud Studio is a website development company. We create websites for small businesses and start-up companies in need of affordable software development. Our sites range from very simple personal websites to full-scale websites with complete authorization systems, social integration, email, complex business logic, advanced and modern website design, advanced database models, and most importantly of all.... MUCH LOVE!</p>\r\n\r\n<h3>A little about me</h3>\r\n<p>I really don't want to focus too much, or at all, on myself. However, I think it's important to know a labout myself so you can fully understand the aspirations of Azul Cloud Studio.</p>\r\n\r\n<p>This project is a culmination of my greatest interests and hobbies rolled up into one. I love web development. I love small business. I love Colombia. What happens when you combine those three things? You guessed it, Azul Cloud Studio.</p>\r\n\r\n<p>The idea started while I was long-term traveling through South America and after people learned I was a website developer they started asking me if I could develop a website for them. Well... yeah, actually, I could! From then on, piece by piece, I started developing the founding ideas of this company.</p>\r\n\r\n<p>I have a lot of interest in small businesses and start-ups. Ever since my college years I've had this interest, and I think I always will. There's something that is just innately more challenging with start-ups than anything else I have ever experienced. It is something that takes more skill, passion, risk, determination and dedication than any run-of-the-mill job.</p>\r\n\r\n<h3>Getting into web development...</h3>\r\n<p>Next up is my passion for web development, which was a late-bloomer in my IT repertoire. In my short 5-year career in the United States, I spent most of my days with Business Intelligence, Database Development and Administration, IT Analysis, Business Process Modeling, and Project Management. I always had a strong interest in web development, but my first manager always told me \"You can't do web development, you're not a Computer Science major and you're taking classes for an MBA\". As you can probably tell, that is something that has stuck with me.</p> \r\n\r\n<p>Before I left my job, I started doing web development in my spare time. All of my spare time. I had plans of traveling so I began development of a travel blog - which turned out to be a great first project. Something that took me about 2 months to develop back then I could now pump out in just a couple days.</p>\r\n\r\n<p>With each project I took on, the more I enjoyed web development. Each and every day I am challenged and can see improvement. I love it.</p>\r\n\r\n<h3>What does Colombia have to do with anything??</h3>\r\n<p>I won't go into all the details, but I have a strong interest for Colombia. If you would like to learn more about that, you can read my travel blog at ... But here I'll only be talking about the part that is relavent to Azul Cloud Studio</h3>\r\n\r\n<p>Colombia has a growing economy. If you think I'm wrong, wait ten years, and then tell me I'm wrong. I'll be waiting! There have been more and more foreign investment into Colombia, and many start-ups that have ... started up. Because of my passion for Colombia, I want to help out. My aspirations in Colombia are not financial, they are intended to help out the business community and help the country develop.</p>\r\n\r\n<p>Other than strictly web development, I have other plans in Colombia that are based around training low-income individuals without much opportunity but tons of learning capacity. The people who excel in their trial would be offered employment and worked into the development and maintenance teams.</p>\r\n\r\n<p>So there you have it, all of my interests that I have turned into my job. This will be the single most difficult thing I have ever done, but as those close to me know, I am <b>always</b> up to the challenge!</p>", "views": 0, "title": "About The Founder, Adam", "create_date": "2014-04-07", "user": 1}}, {"model": "flowblog.post", "pk": 2, "fields": {"active": true, "tags": [1, 2], "heading": "The 4 Pillars of Azul Cloud Studio", "body": "<p>I have some clear goals in mind when setting up this venture, and I wouldn't be going at it without having some long-term goals in mind. We will call these the 4 pillars of Azul Cloud Studio, which is a term I just made up on the spot.</p>\r\n\r\n<h3>Help Startups and Small Business</h3>\r\n<h3>Develop Deserving People</h3>\r\n<h3>Improve Colombian Business Environment</h3>\r\n<h3>Health Client Relationships</h3>", "views": 0, "title": "Goals of Azul Cloud Studio", "create_date": "2014-04-07", "user": 1}}, {"model": "internal.task", "pk": 1, "fields": {"assigned_to": 1, "complete_date": "2014-03-16", "dev_notes": null, "create_date": "2014-04-08", "project": 1, "description": "When a user is not logged in and tries to favorite a property they should be notified that they need to have an account", "notify_client": true, "status": "C", "sent_date": "2014-03-17", "title": "Property Favorite Not Logged In"}}, {"model": "internal.task", "pk": 2, "fields": {"assigned_to": 1, "complete_date": "2014-03-16", "dev_notes": null, "create_date": "2014-04-08", "project": 1, "description": "Add \"College pads at your fingertips\" above the main search box", "notify_client": true, "status": "C", "sent_date": "2014-04-08", "title": "Search Box Text"}}, {"model": "internal.task", "pk": 3, "fields": {"assigned_to": 1, "complete_date": "2014-03-16", "dev_notes": null, "create_date": "2014-04-08", "project": 1, "description": "The link is not working as well as should not include businesses. Add lowest price and floorplan above similar property image. Don't show businesses.", "notify_client": true, "status": "C", "sent_date": "2014-04-08", "title": "Similar Property Changes"}}, {"model": "internal.task", "pk": 4, "fields": {"assigned_to": 1, "complete_date": "2014-03-16", "dev_notes": null, "create_date": "2014-04-08", "project": 1, "description": "Get rid of emails to managers for 404 errors", "notify_client": false, "status": "C", "sent_date": null, "title": "Don't send error emails for 404"}}, {"model": "internal.task", "pk": 5, "fields": {"assigned_to": 1, "complete_date": "2014-03-19", "dev_notes": null, "create_date": "2014-04-08", "project": 1, "description": "This task is to store the data for the Property Impressions Metrics as well as do BASIC reports to show the stored data. \r\n\r\nImpressions will be considered:\r\nProperty returns in a listview search, \r\nProperty page is views, \r\nProperty appears as a similar property, \r\nProperty appears in the sidebar for a school info page, \r\nProperty is clicked on mapview", "notify_client": true, "status": "C", "sent_date": "2014-03-20", "title": "Build Property Impressions Metrics"}}, {"model": "internal.task", "pk": 6, "fields": {"assigned_to": 1, "complete_date": null, "dev_notes": null, "create_date": "2014-04-08", "project": 1, "description": "Trying to delete this one", "notify_client": false, "status": "D", "sent_date": null, "title": "Test Task Saved"}}, {"model": "internal.task", "pk": 7, "fields": {"assigned_to": 1, "complete_date": "2014-03-17", "dev_notes": null, "create_date": "2014-04-08", "project": 1, "description": "Add the mongoose metrics to google analytics with these instructions: https://support.mongooseportal.com/entries/24787987-Google-Analytics. The link is studentrentit.com/mongoose/", "notify_client": true, "status": "C", "sent_date": "2014-03-18", "title": "Mongoose Metrics to Google Analytics"}}, {"model": "internal.task", "pk": 8, "fields": {"assigned_to": 1, "complete_date": "2014-03-17", "dev_notes": null, "create_date": "2014-04-08", "project": 1, "description": "users get an error if they are not logged in and try to send a contact or a reservation. They should be able to send without having an account.", "notify_client": true, "status": "C", "sent_date": "2014-03-18", "title": "Reserve/Contact without Login"}}, {"model": "internal.task", "pk": 9, "fields": {"assigned_to": 1, "complete_date": "2014-03-17", "dev_notes": null, "create_date": "2014-04-08", "project": 1, "description": "Right now managers are replying to support@studentrentit.com. Need to add a Reply To header as well as remove the \"Reply To:\" in the body of contact and reserve emails. Also will be changing the emails to be HTML emails so that they can look better.", "notify_client": true, "status": "C", "sent_date": "2014-03-18", "title": "Email Changes"}}, {"model": "internal.task", "pk": 10, "fields": {"assigned_to": 1, "complete_date": null, "dev_notes": "", "create_date": "2014-04-08", "project": 1, "description": "Add the Special Amenities to be able to searched upon", "notify_client": true, "status": "N", "sent_date": null, "title": "Amenity Search"}}, {"model": "internal.task", "pk": 11, "fields": {"assigned_to": 1, "complete_date": "2014-03-17", "dev_notes": null, "create_date": "2014-04-08", "project": 1, "description": "Change title tag to be Title Apartments at City, State Zip. Change alt tags to be Find Student Houses - {{ caption }} or {{ title }} if no caption.", "notify_client": true, "status": "C", "sent_date": "2014-03-18", "title": "Property SEO Changes"}}, {"model": "internal.task", "pk": 12, "fields": {"assigned_to": 1, "complete_date": "2014-03-23", "dev_notes": null, "create_date": "2014-04-08", "project": 1, "description": "Add an option in the search to include businesses in the search", "notify_client": true, "status": "C", "sent_date": "2014-03-24", "title": "Business Checkbox in Search"}}, {"model": "internal.task", "pk": 13, "fields": {"assigned_to": 1, "complete_date": null, "dev_notes": null, "create_date": "2014-04-08", "project": 1, "description": "Should show multiple pictures underneath the picture carousel", "notify_client": true, "status": "N", "sent_date": null, "title": "multiple pictures"}}, {"model": "internal.task", "pk": 14, "fields": {"assigned_to": 1, "complete_date": "2014-03-19", "dev_notes": null, "create_date": "2014-04-08", "project": 1, "description": "Add XML Sitemap. Change links supplied by Ali, add robots.txt ", "notify_client": true, "status": "C", "sent_date": "2014-03-20", "title": "SEO Changes"}}, {"model": "internal.task", "pk": 15, "fields": {"assigned_to": 1, "complete_date": "2014-03-19", "dev_notes": null, "create_date": "2014-04-08", "project": 1, "description": "the search on mobile version should show the main picture of a property", "notify_client": true, "status": "C", "sent_date": "2014-03-20", "title": "Show Pictures on Mobile Search"}}, {"model": "internal.task", "pk": 16, "fields": {"assigned_to": 1, "complete_date": null, "dev_notes": "We're getting rid of these front-end data entries and will have it on a property owner dashboard instead", "create_date": "2014-04-08", "project": 1, "description": "The link functionality in the dojo-editor doesn't work when using within a modal. It pops up behinid the modal and then gives a javascript error.", "notify_client": true, "status": "D", "sent_date": null, "title": "Link doesn't work in modal dojo-editor"}}, {"model": "internal.task", "pk": 17, "fields": {"assigned_to": 1, "complete_date": "2014-03-21", "dev_notes": null, "create_date": "2014-04-08", "project": 1, "description": "The contact emails are not currently being saved to gather metrics", "notify_client": true, "status": "C", "sent_date": "2014-03-22", "title": "Save Contacts"}}, {"model": "internal.task", "pk": 18, "fields": {"assigned_to": 1, "complete_date": "2014-03-21", "dev_notes": null, "create_date": "2014-04-08", "project": 1, "description": "only allow admins in to see the admin reports, right now everyone can see", "notify_client": true, "status": "C", "sent_date": "2014-03-22", "title": "Admin report permission"}}, {"model": "internal.task", "pk": 19, "fields": {"assigned_to": 1, "complete_date": "2014-03-21", "dev_notes": null, "create_date": "2014-04-08", "project": 1, "description": "Have a page that shows property owners the amount of property impressions. In the future we will have more details such as Impression Type and viewing data by month, but this is just a simple output of the impression data per property.", "notify_client": true, "status": "C", "sent_date": "2014-03-22", "title": "Property Owner Impression Report"}}, {"model": "internal.task", "pk": 20, "fields": {"assigned_to": 1, "complete_date": "2014-03-21", "dev_notes": null, "create_date": "2014-04-08", "project": 1, "description": "gather and show data for how many searches are being done on each school", "notify_client": true, "status": "C", "sent_date": "2014-03-22", "title": "School Search"}}, {"model": "internal.task", "pk": 21, "fields": {"assigned_to": 1, "complete_date": "2014-03-21", "dev_notes": null, "create_date": "2014-04-08", "project": 1, "description": "List View Impressions should only be registered for the first 5 properties", "notify_client": true, "status": "C", "sent_date": "2014-03-22", "title": "Change List View Impression"}}, {"model": "internal.task", "pk": 22, "fields": {"assigned_to": 1, "complete_date": "2014-03-21", "dev_notes": null, "create_date": "2014-04-08", "project": 1, "description": "i am noticing the twitter always puts #awwester and the Facebook share buttons just share studentrentit.com, not the page your sharing from. ", "notify_client": true, "status": "C", "sent_date": "2014-03-22", "title": "Social Media Fixes"}}, {"model": "internal.task", "pk": 23, "fields": {"assigned_to": 1, "complete_date": "2014-03-21", "dev_notes": null, "create_date": "2014-04-08", "project": 1, "description": "Add in the meta description and meta tags", "notify_client": true, "status": "C", "sent_date": "2014-03-22", "title": "Meta Description/Tags"}}, {"model": "internal.task", "pk": 24, "fields": {"assigned_to": 1, "complete_date": null, "dev_notes": "", "create_date": "2014-04-08", "project": 3, "description": "skeleton web app", "notify_client": true, "status": "D", "sent_date": null, "title": "Set Up Skeleton"}}, {"model": "internal.task", "pk": 25, "fields": {"assigned_to": 1, "complete_date": null, "dev_notes": "closed duplicate", "create_date": "2014-04-08", "project": 1, "description": "There will be a list of services as well as packages that come with certain services. The property owners should be able to choose which package they want.", "notify_client": true, "status": "D", "sent_date": null, "title": "Property Owners select their package/service"}}, {"model": "internal.task", "pk": 26, "fields": {"assigned_to": 1, "complete_date": "2014-04-03", "dev_notes": "/main/urls.py\r\n/main/views/general.py\r\n/main/views/property.py\r\n/main/models.py\r\nproj/settings.py\r\n\r\n/maincontent/property/recurring_services.html\r\n/maincontent/property/onetime_services.html\r\n/maininclude/panels/service_payment.html\r\n/maincontent/payments/payment.html\r\n\r\n/static/js/property/recurring_services.js\r\n/static/js/property/onetime_services.js\r\n/static/img/logo_sq_128.png", "create_date": "2014-04-08", "project": 1, "description": "Set up a payment portal to be able to accept one-time payments through our website. For now we won't be accepting payments, however the basic functionality base will be in place to expand upon in the future.  NOTE: This task does not include recurring charges.", "notify_client": true, "status": "C", "sent_date": "2014-04-04", "title": "Automate payments"}}, {"model": "internal.task", "pk": 27, "fields": {"assigned_to": 1, "complete_date": "2014-04-09", "dev_notes": "/static/js/search.js\r\n\r\n/maininclude/searchbanner.html\r\n\r\n/main/models.py\r\n/main/views/general.py", "create_date": "2014-04-08", "project": 1, "description": "Remove subleases in search, property, anywhere else", "notify_client": true, "status": "C", "sent_date": "2014-04-10", "title": "Remove Sublease"}}, {"model": "internal.task", "pk": 28, "fields": {"assigned_to": 1, "complete_date": null, "dev_notes": "", "create_date": "2014-04-08", "project": 1, "description": "Have the map view icon alternate to orange when the user hovers over a property in list view", "notify_client": true, "status": "N", "sent_date": null, "title": "List View Hover"}}, {"model": "internal.task", "pk": 29, "fields": {"assigned_to": 1, "complete_date": null, "dev_notes": "Closed duplicate", "create_date": "2014-04-08", "project": 1, "description": "Need to finish the logic for similar properties because right now it is random - should take the 3 closest properties that are in the 10 closest price average.", "notify_client": false, "status": "D", "sent_date": null, "title": "Similar Property Logic"}}, {"model": "internal.task", "pk": 30, "fields": {"assigned_to": 1, "complete_date": "2014-03-23", "dev_notes": null, "create_date": "2014-04-08", "project": 1, "description": "Each property should have a share button on their property page as well as a share button on their Update Property Page", "notify_client": true, "status": "C", "sent_date": "2014-03-24", "title": "Facebook Share to Property"}}, {"model": "internal.task", "pk": 31, "fields": {"assigned_to": 1, "complete_date": "2014-03-23", "dev_notes": null, "create_date": "2014-04-08", "project": 1, "description": "Properties should have a View Property link from their Update Property page.", "notify_client": true, "status": "C", "sent_date": "2014-03-24", "title": "Link to Property from Update page"}}, {"model": "internal.task", "pk": 32, "fields": {"assigned_to": 1, "complete_date": "2014-03-23", "dev_notes": null, "create_date": "2014-04-08", "project": 1, "description": "If a user puts in a dollar sign it throws a server error and the user doesn't know what they did wrong. Need to clean the dollar sign before submitting to server.", "notify_client": true, "status": "C", "sent_date": "2014-03-24", "title": "Clean Price Input"}}, {"model": "internal.task", "pk": 33, "fields": {"assigned_to": 1, "complete_date": null, "dev_notes": "Closed to make more specific task requirements instead of one blanket", "create_date": "2014-04-08", "project": 1, "description": "Develop some more detailed reports with focus on property owners and aiding the sales process", "notify_client": false, "status": "D", "sent_date": null, "title": "Report Improvements"}}, {"model": "internal.task", "pk": 34, "fields": {"assigned_to": 1, "complete_date": "2014-03-27", "dev_notes": "main models, urls, views/property, \r\n\r\n/maincontent/services.html\r\n/maininclude/tables/services.html\r\n/maininclude/email/service_change.html\r\n\r\n/static/css/bootstrap.css\r\n/static/js/services.js\r\n\r\nMake sure to migrate south", "create_date": "2014-04-08", "project": 1, "description": "This task includes allowing users to pick a package or services and those services will be associated with a specific property. This task does not include payment portal, accepting payments and only supplies a basic report to show which properties have which recurring packages and status of one-time services for each property.", "notify_client": true, "status": "C", "sent_date": "2014-03-28", "title": "Allow users to pick a package or services"}}, {"model": "internal.task", "pk": 35, "fields": {"assigned_to": 1, "complete_date": "2014-03-27", "dev_notes": "maininclude/footer.html\r\n\r\nstyle.css", "create_date": "2014-04-08", "project": 1, "description": "Now that we have more than 2 schools the footer is all messed up.", "notify_client": true, "status": "C", "sent_date": "2014-03-28", "title": "Footer format"}}, {"model": "internal.task", "pk": 36, "fields": {"assigned_to": 1, "complete_date": null, "dev_notes": "decided to change the name of University of Texas in San Antonio to UT San Antonio and problem solved", "create_date": "2014-04-08", "project": 1, "description": "The school name for UTSA is too long for the school dropdown", "notify_client": false, "status": "D", "sent_date": null, "title": "School Text too long"}}, {"model": "internal.task", "pk": 37, "fields": {"assigned_to": 1, "complete_date": "2014-03-27", "dev_notes": "/maininclude/searchsm.html\r\n\r\nstyle.css - search-nav\r\n/static/js/search.js", "create_date": "2014-04-08", "project": 1, "description": "Some minor style fixes: search small had a gap between button and dropdown, on the mapview the user option menu was being cut off by the serach navbar", "notify_client": true, "status": "C", "sent_date": "2014-03-28", "title": "style fixes"}}, {"model": "internal.task", "pk": 38, "fields": {"assigned_to": 1, "complete_date": "2014-03-27", "dev_notes": "these changes will go with the package/services change and don't require any extra change", "create_date": "2014-04-08", "project": 1, "description": "created a default email template so we don't have multiple. Changed the reserve and contact to use the default.", "notify_client": true, "status": "C", "sent_date": "2014-03-28", "title": "Contact and Reserve default template"}}, {"model": "internal.task", "pk": 39, "fields": {"assigned_to": 1, "complete_date": "2014-03-27", "dev_notes": "property.py", "create_date": "2014-04-08", "project": 1, "description": "an anonymous (not logged in) user when trying to access the favorites page would get an error. Need to require login for that page and redirect to login page", "notify_client": true, "status": "C", "sent_date": "2014-03-28", "title": "Error on Favorites Page"}}, {"model": "internal.task", "pk": 40, "fields": {"assigned_to": 1, "complete_date": "2014-03-28", "dev_notes": "/main/models.py\r\n/maincontent/property/property.html", "create_date": "2014-04-08", "project": 1, "description": "Related properties are defined by taking the paying customers by taking the paying customers and selecting 3 properties from that list depending on their pay level. The highest paying Packages are given a higher number and that number of \"chances\" will be put in the pot to choose from.", "notify_client": true, "status": "C", "sent_date": "2014-03-29", "title": "Change Similar Properties"}}, {"model": "internal.task", "pk": 41, "fields": {"assigned_to": 1, "complete_date": "2014-03-28", "dev_notes": "main/admin.py", "create_date": "2014-04-08", "project": 1, "description": "Need to add packages/services to the admin console", "notify_client": true, "status": "C", "sent_date": "2014-03-29", "title": "package/services admin"}}, {"model": "internal.task", "pk": 42, "fields": {"assigned_to": 1, "complete_date": "2014-03-28", "dev_notes": "/flowreport/models.py\r\n/flowreport/admin.py\r\n/main/utils.py", "create_date": "2014-04-08", "project": 1, "description": "Gather the data for the property package and sponsorship off a property impression", "notify_client": true, "status": "C", "sent_date": "2014-03-29", "title": "Data for Package and Sponsor Impressions"}}, {"model": "internal.task", "pk": 43, "fields": {"assigned_to": 1, "complete_date": "2014-03-28", "dev_notes": "/main/models.py", "create_date": "2014-04-08", "project": 1, "description": "Order the List VIew by Top List first, then Sponsored and then Order by the Package Order field. NOTE: We now have the ability to place ONE property per school on the top of the list view.", "notify_client": true, "status": "C", "sent_date": "2014-03-29", "title": "List View Order Change"}}, {"model": "internal.task", "pk": 44, "fields": {"assigned_to": 1, "complete_date": "2014-03-28", "dev_notes": "/flowreport/views.py\r\n/flowreport/urls.py\r\n\r\n/flowreport/include/reports/imp_type_daily_summary.html\r\n/flowreport/content/reports/imp_type_daily_summary.html\r\n/flowreport/content/home.html", "create_date": "2014-04-08", "project": 1, "description": "Need a report to see impression type distribution by day. Also bundled a fix to the sorting of contact summary", "notify_client": true, "status": "C", "sent_date": "2014-03-29", "title": "Impression Type breakout by day"}}, {"model": "internal.task", "pk": 45, "fields": {"assigned_to": 1, "complete_date": "2014-04-07", "dev_notes": "because of CBV implications, limiting the list to display 5 in the template", "create_date": "2014-04-08", "project": 1, "description": "The blog front pages should be paginated to only show 5 blog articles", "notify_client": false, "status": "C", "sent_date": null, "title": "Blog Pagination"}}, {"model": "internal.task", "pk": 46, "fields": {"assigned_to": 1, "complete_date": "2014-03-29", "dev_notes": "bootstrap.css, header, favorite.js, include/property/favorite.html", "create_date": "2014-04-08", "project": 1, "description": "favorites should be a heart instead of a star to follow the general web standard", "notify_client": true, "status": "C", "sent_date": "2014-04-08", "title": "Change Favorites from star to heart"}}, {"model": "internal.task", "pk": 47, "fields": {"assigned_to": 1, "complete_date": "2014-03-29", "dev_notes": "bootstrap.css, header, favorite.js, include/property/favorite.html", "create_date": "2014-04-08", "project": 1, "description": "favorites should be a heart instead of a star to follow the general web standard", "notify_client": true, "status": "C", "sent_date": "2014-04-08", "title": "Change Favorites from star to heart"}}, {"model": "internal.task", "pk": 48, "fields": {"assigned_to": 1, "complete_date": "2014-03-30", "dev_notes": "/main/views/property.py\r\n/main/urls.py\r\n\r\n/static/css/style.css\r\n\r\n/main/templates/maincontent/search.html", "create_date": "2014-04-08", "project": 1, "description": "Add ability to send a contact or make reservation of a property from the list view", "notify_client": true, "status": "C", "sent_date": "2014-03-31", "title": "List View Addition"}}, {"model": "internal.task", "pk": 49, "fields": {"assigned_to": 1, "complete_date": "2014-03-30", "dev_notes": "adding in some organization to the home page as well\r\n\r\n/flowreport/urls.py\r\n/flowreport/views.py\r\n\r\n/flowreport/templates/flowreport/content/home.html\r\n/flowreport/templates/flowreport/content/reports/school_search_detail.html\r\n/flowreport/templates/flowreport/include/reports/school_search_detail.html", "create_date": "2014-04-08", "project": 1, "description": "Need to see details about the school searches - which schools, how many per day for each school", "notify_client": true, "status": "C", "sent_date": "2014-03-31", "title": "School Search Detail Report"}}, {"model": "internal.task", "pk": 50, "fields": {"assigned_to": 1, "complete_date": null, "dev_notes": "install django-crispy-forms", "create_date": "2014-04-08", "project": 1, "description": "There should be a form that allows users to give suggestions/complaints/ideas etc", "notify_client": true, "status": "N", "sent_date": null, "title": "Feedback Form"}}, {"model": "internal.task", "pk": 51, "fields": {"assigned_to": 1, "complete_date": "2014-04-04", "dev_notes": "-/static/css/bootstrap.css\r\n\r\n/main/forms.py\r\n/main/views/property.py\r\n/main/models.py\r\n!IMPORTANT: DO NOT MIGRATE ALL AT ONCE, NEED TO TRANSFER video_link FIRST\r\n\r\n/maincontent/property/update.html\r\n/maininclude/tables/property/videos.html\r\n/maininclude/forms/property/video.html\r\n/maincontent/search.html\r\n/maininclude/property/visual.html\r\n/maininclude/property/video_carousel.html\r\n\r\n\r\npython data migration:\r\nproperties = Property.objects.exclude(video_link=\"\")\r\n\r\nfor p in properties:\r\n    video = PropertyVideo()                                                                                                                                            \r\n    video.property = p                                                                                                                                                 \r\n    video.video_link=p.video_link                                                                                                                                      \r\n    video.main=True                                                                                                                                                    \r\n    video.save()", "create_date": "2014-04-08", "project": 1, "description": "Properties should be able to have multiple video links. There should be a main video that is viewable on the homepage and then multiple videos that are viewable on the Video tab for the property.", "notify_client": true, "status": "C", "sent_date": "2014-04-05", "title": "Multiple Videos"}}, {"model": "internal.task", "pk": 52, "fields": {"assigned_to": 1, "complete_date": null, "dev_notes": "", "create_date": "2014-04-08", "project": 1, "description": "Change the colors to the new brand colors and image", "notify_client": true, "status": "N", "sent_date": null, "title": "Rebranding Color and Images"}}, {"model": "internal.task", "pk": 53, "fields": {"assigned_to": 1, "complete_date": null, "dev_notes": "Have a mockup but waiting on text and pics for each section", "create_date": "2014-04-08", "project": 1, "description": "Add a Property Owner section on the home page that can show information for the Students (what we have currently) or Property Owners", "notify_client": true, "status": "H", "sent_date": null, "title": "Add tabbed info to Landing Page"}}, {"model": "internal.task", "pk": 54, "fields": {"assigned_to": 1, "complete_date": "2014-04-03", "dev_notes": "/main/urls.py\r\n/maininclude/howitworks.html\r\n/static/css/style.css?edit", "create_date": "2014-04-08", "project": 1, "description": "The big pictures and titles in the How It WOrks seciton on the home page and How It Works page should have links to their respective sections.", "notify_client": true, "status": "C", "sent_date": "2014-04-04", "title": "How It Works Links"}}, {"model": "internal.task", "pk": 55, "fields": {"assigned_to": 1, "complete_date": null, "dev_notes": "", "create_date": "2014-04-08", "project": 1, "description": "The mobile view should have the main video as what users see, if there is a video for the property. ", "notify_client": true, "status": "H", "sent_date": null, "title": "Mobile List View Enhancement"}}, {"model": "internal.task", "pk": 56, "fields": {"assigned_to": 1, "complete_date": "2014-04-05", "dev_notes": "-/static/css/boostrap.css\r\n\r\n-/main/models.py\r\n-/main/forms.py\r\n-/main/views/property.py\r\n-/proj/settings.py \r\n    add TIME_INPUT_FORMATS\r\n\r\n/maincontent/property/property.html\r\n/maininclude/modals/property/schedule.html", "create_date": "2014-04-08", "project": 1, "description": "Allow users to schedule a tour of a property. Add name, email, phone, date/time\r\n\r\nNOTE: changed the TIME_ZONE to Central Time as well", "notify_client": true, "status": "C", "sent_date": "2014-04-06", "title": "Property Schedule Tour"}}, {"model": "internal.task", "pk": 57, "fields": {"assigned_to": 1, "complete_date": "2014-04-15", "dev_notes": "Facebook's API is very robust and the best place to see what can be done is found in the Graph API --> https://developers.facebook.com/docs/graph-api/", "create_date": "2014-04-08", "project": 1, "description": "Along the lines of seeing how we can bring in the property events. Can we bring in the events and also what else is possible?", "notify_client": false, "status": "C", "sent_date": null, "title": "Investigate what we can add from Facebook"}}, {"model": "internal.task", "pk": 58, "fields": {"assigned_to": 1, "complete_date": "2014-04-03", "dev_notes": "/main/models.py", "create_date": "2014-04-08", "project": 1, "description": "We should no longer be able to have House Properties", "notify_client": true, "status": "C", "sent_date": "2014-04-04", "title": "Remove Houses"}}, {"model": "internal.task", "pk": 59, "fields": {"assigned_to": 1, "complete_date": "2014-04-05", "dev_notes": "/main/models.py\r\n/main/forms.py\r\n/main/views/property.py\r\n\r\n/maininclude/modals/property/reserve.html\r\n/maininclude/modals/property/contact.html\r\n/maincontent/property/property.html", "create_date": "2014-04-08", "project": 1, "description": "Phone Number should be added to the reserve and contact forms. Also switch the forms over to crispy forms. \r\n", "notify_client": true, "status": "C", "sent_date": "2014-04-06", "title": "Add Phone Number"}}, {"model": "internal.task", "pk": 60, "fields": {"assigned_to": 1, "complete_date": "2014-04-07", "dev_notes": "/main/views/property.py\r\n\r\n/maincontent/favorites.html\r\n/maininclude/tables/favorite.html", "create_date": "2014-04-08", "project": 1, "description": "add contact/reserve/schedule to the favorites page", "notify_client": true, "status": "C", "sent_date": "2014-04-08", "title": "Favorites Page Enhancement"}}, {"model": "internal.task", "pk": 61, "fields": {"assigned_to": 1, "complete_date": null, "dev_notes": "closed to duplicate", "create_date": "2014-04-08", "project": 1, "description": "Switch Forms to Crispy Forms", "notify_client": false, "status": "D", "sent_date": null, "title": "Crispy Forms"}}, {"model": "internal.task", "pk": 62, "fields": {"assigned_to": 1, "complete_date": "2014-04-04", "dev_notes": "/main/views/general.py\r\n/main/views/school.py\r\n\r\n/maincontent/home.html\r\n/maincontent/blog/article.html\r\n/maincontent/blog/all.html\r\n\r\n/static/css/style.css\r\n\r\n", "create_date": "2014-04-08", "project": 1, "description": "Add the school search banner pics column to the right side of the blog home. Add Previous/Next article at the bottom of the article pages.", "notify_client": true, "status": "C", "sent_date": "2014-04-05", "title": "Blog Changes"}}, {"model": "internal.task", "pk": 63, "fields": {"assigned_to": 1, "complete_date": "2014-04-04", "dev_notes": "/main/forms.py\r\n/proj/settings.py\r\n\r\n/flowcore/forms/default_crispy_panel.html\r\n/maincontent/profile.html", "create_date": "2014-04-08", "project": 1, "description": "Will want to migrate to using crispy forms instead of the crappy forms.", "notify_client": true, "status": "C", "sent_date": "2014-04-05", "title": "Enable Crispy Forms"}}, {"model": "internal.task", "pk": 64, "fields": {"assigned_to": 1, "complete_date": "2014-04-05", "dev_notes": "will be fixing this in the admin console", "create_date": "2014-04-08", "project": 1, "description": "Each video is being duplicated so there are 2 videos on each property that had 1 video", "notify_client": true, "status": "C", "sent_date": "2014-04-06", "title": "Fix duplicate videos"}}, {"model": "internal.task", "pk": 65, "fields": {"assigned_to": 1, "complete_date": null, "dev_notes": "/main/admin.py", "create_date": "2014-04-08", "project": 1, "description": "Need to add PropertyVideo to admin as well as removing the RTE from Article", "notify_client": true, "status": "C", "sent_date": null, "title": "Admin Changes"}}, {"model": "internal.task", "pk": 66, "fields": {"assigned_to": 1, "complete_date": "2014-04-06", "dev_notes": "", "create_date": "2014-04-08", "project": 1, "description": "Change static css/js to minified; shorten title tag; add alt tags to some images on front page;", "notify_client": true, "status": "C", "sent_date": "2014-04-08", "title": "SEO improvements"}}, {"model": "internal.task", "pk": 67, "fields": {"assigned_to": 1, "complete_date": "2014-04-09", "dev_notes": "/main/views/general.py", "create_date": "2014-04-08", "project": 1, "description": "A couple errors that have been occuring: people entering \"studio\" for Bedroom; people entering price with a comma.", "notify_client": true, "status": "C", "sent_date": "2014-04-09", "title": "Search Cleanup"}}, {"model": "internal.task", "pk": 68, "fields": {"assigned_to": 1, "complete_date": "2014-04-15", "dev_notes": "/flowreport/models./py\r\n/main/views/property.py\r\n/main/utils.py\r\n\r\n/flowreport/include/general/imp_type_display.html", "create_date": "2014-04-08", "project": 1, "description": "Should add an impression type for when a property is viewed through the Favoritespage", "notify_client": true, "status": "C", "sent_date": "2014-04-16", "title": "Favoirte Property Impression"}}, {"model": "internal.task", "pk": 69, "fields": {"assigned_to": 1, "complete_date": null, "dev_notes": "", "create_date": "2014-04-08", "project": 1, "description": "When people log in they shouldn't be redirected to the home page", "notify_client": true, "status": "N", "sent_date": null, "title": "Login Redirect"}}, {"model": "internal.task", "pk": 70, "fields": {"assigned_to": 1, "complete_date": "2014-04-07", "dev_notes": "/maininclude/general/blog_share.html\r\n/maininclude/general/googleplus.html\r\n/maininclude/general/pintrest.html", "create_date": "2014-04-08", "project": 1, "description": "Social: Add pinterest and g+ to the blog post share section", "notify_client": true, "status": "C", "sent_date": "2014-04-08", "title": "Blog Post Social Changes"}}, {"model": "internal.task", "pk": 71, "fields": {"assigned_to": 1, "complete_date": "2014-04-07", "dev_notes": "/maincontent/search.html", "create_date": "2014-04-08", "project": 1, "description": "Change list view H1 tags to Apartments San Marcos TX 78666 and remove remaining. Can we have this appear at the top? Maybe instead of it just being black letters we can have a green bar on the list view at the top that says \"Apartments in San Marcos TX\" ", "notify_client": true, "status": "C", "sent_date": "2014-04-08", "title": "H1 Tag Changes on Homepage"}}, {"model": "internal.task", "pk": 72, "fields": {"assigned_to": 1, "complete_date": "2014-04-08", "dev_notes": "/maincontent/home.html\r\n/maininclude/howitworks.html\r\n/maincontent/search.html\r\n/maininclude/property/visual_carousel.html", "create_date": "2014-04-08", "project": 1, "description": "Images should have title tags", "notify_client": true, "status": "C", "sent_date": "2014-04-09", "title": "Add Image Titles"}}, {"model": "internal.task", "pk": 73, "fields": {"assigned_to": 1, "complete_date": "2014-04-07", "dev_notes": "/maincontent/home.html", "create_date": "2014-04-08", "project": 1, "description": "Change on front page \"Texas State University\" and all school names to the city name. So instead of Univ Texas jsut put Austin Texas, San Antonio Texas, Waco Texas, Lubbock Texas etc.", "notify_client": true, "status": "C", "sent_date": "2014-04-08", "title": "Homepage Change School Name to City Name"}}, {"model": "internal.task", "pk": 74, "fields": {"assigned_to": 1, "complete_date": "2014-04-07", "dev_notes": "style.css\r\n/maininclude/footer.html\r\n/maininclude/general/social_footer.html", "create_date": "2014-04-08", "project": 1, "description": "On footer have: Featured Articles 3-4 most recent posts, then the cities we are in in another column and remove school name, then social column with all social buttons again, then company column that has terms, about us, etc. ", "notify_client": true, "status": "C", "sent_date": "2014-04-08", "title": "Footer re design"}}, {"model": "internal.task", "pk": 75, "fields": {"assigned_to": 1, "complete_date": "2014-04-07", "dev_notes": "/proj/urls.py\r\n/main/models.py", "create_date": "2014-04-08", "project": 1, "description": "Implemented the dynamic sitemap.xml so we don't need to keep recreating it. Google was also not able to see the sitemap, which has now also been resolved with the new dynamic sitemap", "notify_client": true, "status": "C", "sent_date": "2014-04-08", "title": "sitemap.xml fix/improvement"}}, {"model": "internal.task", "pk": 76, "fields": {"assigned_to": 1, "complete_date": "2014-04-11", "dev_notes": "-/flowcore/general/scroll_down.html\r\n/static/css/style.css\r\n/static/css/bootstrap.css\r\n\r\ncopy folders recursive\r\n/main/templates/maininclude/property\r\n/main/templates/maincontent/property\r\n/main/templates/maincontent/blog\r\n/main/templates/maininclude/tables\r\n\r\n/main/urls.py\r\n/main/views/property.py", "create_date": "2014-04-09", "project": 1, "description": "The properties should have links to the Property Communities that show articles, events, deals, roommates and other possible things about the property.", "notify_client": true, "status": "C", "sent_date": "2014-04-12", "title": "Add Community Sections"}}, {"model": "internal.task", "pk": 77, "fields": {"assigned_to": 1, "complete_date": "2014-04-09", "dev_notes": "/main/forms.py\r\n/main/models.py\r\n\r\n/maininclude/school/base.html\r\n/maininclude/modals/school/addarticle.html\r\n/maininclude/modals/school/adddeal.html\r\n/maininclude/modals/school/addevent.html\r\n\r\n/maincontent/property/property.html\r\n/flowcore/general/datepicker.html", "create_date": "2014-04-09", "project": 1, "description": "Events, Deals and Articles should be able to be linked to Properties to be shown in their property Community sections", "notify_client": true, "status": "C", "sent_date": "2014-04-10", "title": "Link Events, Deals and Articles to Properties"}}, {"model": "internal.task", "pk": 78, "fields": {"assigned_to": 1, "complete_date": "2014-04-09", "dev_notes": "Was caused by the data within the blog post. There was a script tag that was breaking everything and it needed to be replaced by an img tag.", "create_date": "2014-04-09", "project": 1, "description": "When clicking Blog home it shows the individual post above all the stuff that should be the actual Blog Home", "notify_client": true, "status": "C", "sent_date": "2014-04-10", "title": "Blog Home Bug"}}, {"model": "internal.task", "pk": 79, "fields": {"assigned_to": 1, "complete_date": null, "dev_notes": "", "create_date": "2014-04-09", "project": 1, "description": "Pull in ratings for apartments from either google or yelp or something else", "notify_client": true, "status": "N", "sent_date": null, "title": "Ratings "}}, {"model": "internal.task", "pk": 80, "fields": {"assigned_to": 1, "complete_date": "2014-04-14", "dev_notes": "/static/css/style.css\r\n\r\n/main/models.py\r\n/main/admin.py\r\n/main/views/general.py\r\n/main/views/school.py\r\n\r\n/maincontent/blog/article.html", "create_date": "2014-04-09", "project": 1, "description": "Have team member's picture and name show up on blog article footers. If the associated user does not have a picture nothing will show up", "notify_client": true, "status": "C", "sent_date": "2014-04-15", "title": "Add User Profile for Team Members"}}, {"model": "internal.task", "pk": 81, "fields": {"assigned_to": 1, "complete_date": "2014-04-14", "dev_notes": "/static/css/style.css\r\n\r\n/main/urls.py\r\n/main/views/general.py\r\n\r\n/maincontent/school_list.html\r\n/maincontent/property_list.html\r\n/maincontent/home.html\r\n/maininclude/footer.html", "create_date": "2014-04-09", "project": 1, "description": "Create a page with a full apartment listing that breaks down all properties by school", "notify_client": true, "status": "C", "sent_date": "2014-04-15", "title": "Full Apartment Listing for SEO"}}, {"model": "internal.task", "pk": 82, "fields": {"assigned_to": 1, "complete_date": "2014-04-28", "dev_notes": "project/urls.py\r\nmain/utils.py", "create_date": "2014-04-09", "project": 1, "description": "Change all links on the sitemap to have www. in front of them", "notify_client": true, "status": "C", "sent_date": "2014-04-29", "title": "Links on the Sitemap"}}, {"model": "internal.task", "pk": 83, "fields": {"assigned_to": 1, "complete_date": "2014-04-09", "dev_notes": "/maininclude/property/video_carousel.html", "create_date": "2014-04-10", "project": 1, "description": "The picture carousel left/right arrows were not moving the carousel but instead were moving the hidden video carousel", "notify_client": true, "status": "C", "sent_date": "2014-04-10", "title": "Picture Carousel Bug"}}, {"model": "internal.task", "pk": 84, "fields": {"assigned_to": 1, "complete_date": null, "dev_notes": "", "create_date": "2014-04-10", "project": 1, "description": "Create a dashboard for property owners that has the key statistics as well as ability to create articles/events/deals", "notify_client": true, "status": "N", "sent_date": null, "title": "Property Owner Dashboard"}}, {"model": "internal.task", "pk": 85, "fields": {"assigned_to": 1, "complete_date": "2014-04-11", "dev_notes": "/maininclude/howitworks.html\r\n/static/css/style.css", "create_date": "2014-04-11", "project": 1, "description": "Change to the updated info sent by Brenden via email", "notify_client": true, "status": "C", "sent_date": "2014-04-12", "title": "Front Page text and pictures change"}}, {"model": "internal.task", "pk": 86, "fields": {"assigned_to": 1, "complete_date": "2014-04-13", "dev_notes": "/flowreport/views.py\r\n\r\n/flowreport/content/home.html\r\n/flowreport/include/reports/schedule_summary.html", "create_date": "2014-04-12", "project": 1, "description": "Need to see the Property Schedule Summary on the admin report summary dashboard", "notify_client": true, "status": "C", "sent_date": "2014-04-14", "title": "Property Schedule Reporting"}}, {"model": "internal.task", "pk": 87, "fields": {"assigned_to": 1, "complete_date": "2014-04-13", "dev_notes": "/main/models.py\r\n/main/views/property.py\r\n\r\n/maincontent/property/community.html\r\n/maininclude/tables/property/deals.html\r\n", "create_date": "2014-04-14", "project": 1, "description": "n/a", "notify_client": true, "status": "C", "sent_date": "2014-04-14", "title": "Add Deals to Property Community"}}, {"model": "internal.task", "pk": 88, "fields": {"assigned_to": 1, "complete_date": "2014-04-14", "dev_notes": "/main/models.py\r\n/main/forms.py\r\n/main/views/property.py", "create_date": "2014-04-14", "project": 1, "description": "add first/last name for reservation/contact and add the user to the email", "notify_client": true, "status": "C", "sent_date": "2014-04-15", "title": "Email Changes"}}, {"model": "internal.task", "pk": 89, "fields": {"assigned_to": 1, "complete_date": "2014-04-14", "dev_notes": "/maincontent/search.html", "create_date": "2014-04-14", "project": 1, "description": "Still has housing, subleases, blah blah in title", "notify_client": true, "status": "C", "sent_date": "2014-04-15", "title": "Change Page Title on Search"}}, {"model": "internal.task", "pk": 90, "fields": {"assigned_to": 1, "complete_date": "2014-04-15", "dev_notes": "caused by a get_object_or_404 on TeamMember.\r\n\r\n/main/views/general.py\r\n/main/views/property.py\r\n/main/views/school.py", "create_date": "2014-04-15", "project": 1, "description": "Blog articles are returning 404 errors when trying to read the full article", "notify_client": false, "status": "C", "sent_date": null, "title": "Fix Blog 404  Errors"}}, {"model": "internal.task", "pk": 91, "fields": {"assigned_to": 1, "complete_date": "2014-04-15", "dev_notes": "", "create_date": "2014-04-16", "project": 1, "description": "Not ready for Search and Earn yet", "notify_client": true, "status": "C", "sent_date": "2014-04-16", "title": "Change Search and Earn"}}, {"model": "internal.task", "pk": 92, "fields": {"assigned_to": 1, "complete_date": "2014-05-01", "dev_notes": "installed a StartSSL cert with help from the PA admins", "create_date": "2014-05-01", "project": 1, "description": "Site host name, https://www.studentrentit.com, does not match your SSL certificate Subject Name\r\n\r\nWe have noticed that the host name of your site, https://www.studentrentit.com, does not match any of the \"Subject Names\" in your SSL certificate, which were:\r\n\r\n*.pythonanywhere.com\r\n\r\nAs a result, many web browsers will block users from accessing your site, or display a security warning message when your site is accessed.", "notify_client": true, "status": "C", "sent_date": "2014-05-02", "title": "SSL Cert setup"}}, {"model": "internal.task", "pk": 93, "fields": {"assigned_to": 1, "complete_date": null, "dev_notes": "closed duplicate", "create_date": "2014-05-01", "project": 1, "description": "Site host name, https://www.studentrentit.com, does not match your SSL certificate Subject Name\r\n\r\nWe have noticed that the host name of your site, https://www.studentrentit.com, does not match any of the \"Subject Names\" in your SSL certificate, which were:\r\n\r\n*.pythonanywhere.com\r\n\r\nAs a result, many web browsers will block users from accessing your site, or display a security warning message when your site is accessed.", "notify_client": false, "status": "D", "sent_date": null, "title": "SSL Cert setup"}}, {"model": "internal.task", "pk": 94, "fields": {"assigned_to": 1, "complete_date": "2014-06-06", "dev_notes": "implement\r\n#proj/urls.py - add blog urls\r\n#proj/settings.py - add installed_app blog\r\n#/blog/* - copy all blog files\r\n\r\n/maininclude/school/tables/articles.html\r\n/maininclude/tables/property/articles.html\r\n/maininclude/footer.html\r\n/maininclude/school/bottom-btns.html\r\n\r\nclean\r\n#/main/urls.py\r\n#main/views/school.py\r\n#main/views/property.py", "create_date": "2014-06-06", "project": 1, "description": "The blog article structure is a mess. Create a new blog app that will contain all blog articles.", "notify_client": true, "status": "C", "sent_date": "2014-06-08", "title": "Organize Blog"}}, {"model": "internal.task", "pk": 95, "fields": {"assigned_to": 1, "complete_date": "2014-06-08", "dev_notes": "#cp -rf /home/studentrentit/proj/school/.\r\n#/proj/settings.py add school app\r\n#/proj/urls.py add school urls\r\n\r\n#/main/urls.py\r\n#/main/views/general.py\r\n/maininclude/modals/manage.html\r\n\r\ndelete /main/views/school.py\r\ndelete /main/templates/maincontent/school/\r\ndelete /main/templates/maininclude/school/", "create_date": "2014-06-06", "project": 1, "description": "The school info structure is a mess. Restructure in its own app to create easier maintenance and scalability.", "notify_client": true, "status": "C", "sent_date": "2014-06-09", "title": "Organize School Info"}}, {"model": "internal.task", "pk": 96, "fields": {"assigned_to": 1, "complete_date": "2014-06-07", "dev_notes": "#create property app\r\n#cp -rf /proj/property/.\r\n\r\n#/proj/urls.py - add property urls\r\n#/proj/settings.py - add property app\r\n#/main/urls.py\r\n/maininclude/school/sidebar.html\r\n/maincontent/search.html\r\n\r\ndelete /main/views/property.py\r\ndelete maincontent/property/ and maininclude/property/", "create_date": "2014-06-06", "project": 1, "description": "Create a property app to contain everything about properties. Will improve maintenance, simplicity and scalability.\r\n\r\nSome of the current functionality is displaying property info, updating property info, showing property community. There will be more future development in this property app", "notify_client": true, "status": "C", "sent_date": "2014-06-09", "title": "Property App"}}, {"model": "internal.task", "pk": 97, "fields": {"assigned_to": 1, "complete_date": "2014-06-07", "dev_notes": "main/models.py\r\nmain/urls.py\r\nmain/views/general.py\r\n\r\ndelete maincontent/blog/.", "create_date": "2014-06-07", "project": 1, "description": "Error on the sitemap page and school/articles/all/", "notify_client": true, "status": "C", "sent_date": "2014-06-08", "title": "Blog Error Fixes"}}, {"model": "internal.task", "pk": 98, "fields": {"assigned_to": 1, "complete_date": "2014-06-09", "dev_notes": "/propertycontent/property.html", "create_date": "2014-06-07", "project": 1, "description": "There are some styling problems with properties that are listed for TT, UT, Baylor and UTSA\r\n\r\n**was actually a problem created when no contact email supplied", "notify_client": true, "status": "C", "sent_date": "2014-06-10", "title": "Property Pages CSS problems"}}, {"model": "internal.task", "pk": 99, "fields": {"assigned_to": 1, "complete_date": "2014-06-09", "dev_notes": "cp -rf /home/studentrentit/main/templates/.\r\ncp -rf /home/studentrentit/property/templates/.\r\ncp -rf /home/studentrentit/school/templates/.", "create_date": "2014-06-09", "project": 1, "description": "Forms, Tables, Panels, Modals are scattered across the main app. Move them into their respective Property/Blog/School apps", "notify_client": true, "status": "C", "sent_date": "2014-06-10", "title": "Move Module Items in Apps"}}, {"model": "internal.task", "pk": 100, "fields": {"assigned_to": 1, "complete_date": null, "dev_notes": "", "create_date": "2014-06-09", "project": 1, "description": "We need to implemen django testing now that we're expanding to multiple developers", "notify_client": true, "status": "N", "sent_date": null, "title": "Set up tests.py"}}, {"model": "internal.task", "pk": 101, "fields": {"assigned_to": 1, "complete_date": "2014-07-02", "dev_notes": "copy all scrape\r\n\r\nmain, property models.py\r\n\r\ntemplate stuff\r\n\r\nstyle.css, js/scrape\r\n\r\nProblems with git source control so change was not clean....but all is good, just not documented well", "create_date": "2014-06-10", "project": 1, "description": "We want to bring in property data and are initially going to use data from apartmentlist.com but also leave open the option for other sites.", "notify_client": true, "status": "C", "sent_date": "2014-07-03", "title": "Web Scraping"}}, {"model": "internal.task", "pk": 102, "fields": {"assigned_to": 1, "complete_date": "2014-06-24", "dev_notes": "/school/models.py\r\n/blog/models.py\r\n/property/models.py\r\n\r\nCreate initial migrations for the three new apps. Copy the three migration dataloads from testenv. Migrate the 3 apps with --delete-ghost-migrations\r\n\r\nAfter verifying the data exists in the new tables, copy /main/models.py and south migrate main --fake. Will need to do a delete and add migration to trick the delete, and then do the actual delete\r\n\r\nCOPY:\r\n/main/views.py\r\n/main/admin.py\r\n/main/utils.py\r\n/main/context_processors.py\r\n/main/forms.py\r\n/main/urls.py\r\n/property/views.py\r\n/school/views.py\r\n/flowreport/models.py\r\n/flowreport/views.py", "create_date": "2014-06-20", "project": 1, "description": "Need to split databse models into the new Blog, Property and School apps", "notify_client": true, "status": "C", "sent_date": "2014-06-25", "title": "models separation"}}, {"model": "internal.task", "pk": 103, "fields": {"assigned_to": 1, "complete_date": "2014-07-02", "dev_notes": "/main/templates/maininclude/header.html\r\n/main/templates/maininclude/modals/favoriteconfirmdelete.html\r\n/property/urls.py", "create_date": "2014-06-24", "project": 1, "description": "Favorites page is broken", "notify_client": true, "status": "C", "sent_date": "2014-07-03", "title": "Property Favorites page giving 404"}}, {"model": "internal.task", "pk": 104, "fields": {"assigned_to": 1, "complete_date": "2014-06-24", "dev_notes": "/main/forms.py\r\n/property/forms.py\r\n/school/forms.py\r\n/blog/forms.py\r\n\r\n/main/views.py\r\n/school/views.py\r\n/property/views.py\r\n/blog/views.py\r\n\r\n/proj/urls.py", "create_date": "2014-06-24", "project": 1, "description": "Move forms into the 3 new apps instead of all in the main app", "notify_client": true, "status": "C", "sent_date": "2014-06-25", "title": "Move forms"}}, {"model": "admin.logentry", "pk": 1, "fields": {"object_repr": "Steps Of A Traveler", "object_id": "1", "change_message": "", "action_flag": 1, "action_time": "2014-03-14T02:12:36Z", "content_type": 10, "user": 1}}, {"model": "admin.logentry", "pk": 2, "fields": {"object_repr": "Travel Blog Source", "object_id": "2", "change_message": "", "action_flag": 1, "action_time": "2014-03-14T02:13:25Z", "content_type": 10, "user": 1}}, {"model": "admin.logentry", "pk": 3, "fields": {"object_repr": "Student Rent It", "object_id": "3", "change_message": "", "action_flag": 1, "action_time": "2014-03-14T02:14:54Z", "content_type": 10, "user": 1}}, {"model": "admin.logentry", "pk": 4, "fields": {"object_repr": "Small Business Knowledge", "object_id": "1", "change_message": "", "action_flag": 1, "action_time": "2014-03-14T02:19:57Z", "content_type": 9, "user": 1}}, {"model": "admin.logentry", "pk": 5, "fields": {"object_repr": "Honesty", "object_id": "2", "change_message": "", "action_flag": 1, "action_time": "2014-03-14T02:40:11Z", "content_type": 9, "user": 1}}, {"model": "admin.logentry", "pk": 6, "fields": {"object_repr": "First Class Development", "object_id": "3", "change_message": "", "action_flag": 1, "action_time": "2014-03-14T02:41:17Z", "content_type": 9, "user": 1}}, {"model": "admin.logentry", "pk": 7, "fields": {"object_repr": "Dedication", "object_id": "4", "change_message": "", "action_flag": 1, "action_time": "2014-03-14T02:45:25Z", "content_type": 9, "user": 1}}, {"model": "admin.logentry", "pk": 8, "fields": {"object_repr": "Efficiency", "object_id": "5", "change_message": "", "action_flag": 1, "action_time": "2014-03-14T02:50:07Z", "content_type": 9, "user": 1}}, {"model": "admin.logentry", "pk": 9, "fields": {"object_repr": "Startup Knowledge", "object_id": "1", "change_message": "Changed title and text.", "action_flag": 2, "action_time": "2014-03-14T02:51:01Z", "content_type": 9, "user": 1}}, {"model": "admin.logentry", "pk": 10, "fields": {"object_repr": "Business and IT", "object_id": "6", "change_message": "", "action_flag": 1, "action_time": "2014-03-14T02:52:04Z", "content_type": 9, "user": 1}}, {"model": "admin.logentry", "pk": 11, "fields": {"object_repr": "Student Rent It", "object_id": "3", "change_message": "No fields changed.", "action_flag": 2, "action_time": "2014-03-14T02:54:29Z", "content_type": 10, "user": 1}}, {"model": "admin.logentry", "pk": 12, "fields": {"object_repr": "Student Rent It", "object_id": "3", "change_message": "Changed image.", "action_flag": 2, "action_time": "2014-03-14T02:55:12Z", "content_type": 10, "user": 1}}, {"model": "admin.logentry", "pk": 13, "fields": {"object_repr": "Travel Blog Source", "object_id": "2", "change_message": "Changed image.", "action_flag": 2, "action_time": "2014-03-14T02:55:56Z", "content_type": 10, "user": 1}}, {"model": "admin.logentry", "pk": 14, "fields": {"object_repr": "Steps Of A Traveler", "object_id": "1", "change_message": "No fields changed.", "action_flag": 2, "action_time": "2014-03-14T02:56:21Z", "content_type": 10, "user": 1}}, {"model": "admin.logentry", "pk": 15, "fields": {"object_repr": "Student Rent It", "object_id": "1", "change_message": "", "action_flag": 1, "action_time": "2014-03-16T19:04:36Z", "content_type": 11, "user": 1}}, {"model": "admin.logentry", "pk": 17, "fields": {"object_repr": "Student Rent It", "object_id": "1", "change_message": "", "action_flag": 1, "action_time": "2014-03-16T19:06:02Z", "content_type": 13, "user": 1}}, {"model": "admin.logentry", "pk": 19, "fields": {"object_repr": "studentrentit.com", "object_id": "1", "change_message": "", "action_flag": 1, "action_time": "2014-03-16T19:07:13Z", "content_type": 15, "user": 1}}, {"model": "admin.logentry", "pk": 20, "fields": {"object_repr": "Task object", "object_id": "1", "change_message": "", "action_flag": 1, "action_time": "2014-03-16T21:16:21Z", "content_type": 16, "user": 1}}, {"model": "admin.logentry", "pk": 21, "fields": {"object_repr": "Property Favorite Not Logged In", "object_id": "1", "change_message": "Changed title.", "action_flag": 2, "action_time": "2014-03-16T21:19:02Z", "content_type": 16, "user": 1}}, {"model": "admin.logentry", "pk": 22, "fields": {"object_repr": "Search Box Text", "object_id": "2", "change_message": "", "action_flag": 1, "action_time": "2014-03-16T21:20:25Z", "content_type": 16, "user": 1}}, {"model": "admin.logentry", "pk": 23, "fields": {"object_repr": "Similar Property Changes", "object_id": "3", "change_message": "", "action_flag": 1, "action_time": "2014-03-16T21:21:06Z", "content_type": 16, "user": 1}}, {"model": "admin.logentry", "pk": 24, "fields": {"object_repr": "Don't send error emails for 404", "object_id": "4", "change_message": "", "action_flag": 1, "action_time": "2014-03-16T21:21:42Z", "content_type": 16, "user": 1}}, {"model": "admin.logentry", "pk": 25, "fields": {"object_repr": "Similar Property Changes", "object_id": "3", "change_message": "Changed status and complete_date.", "action_flag": 2, "action_time": "2014-03-16T22:08:32Z", "content_type": 16, "user": 1}}, {"model": "admin.logentry", "pk": 26, "fields": {"object_repr": "Similar Property Changes", "object_id": "3", "change_message": "Changed complete_date.", "action_flag": 2, "action_time": "2014-03-16T22:08:51Z", "content_type": 16, "user": 1}}, {"model": "admin.logentry", "pk": 27, "fields": {"object_repr": "Similar Property Changes", "object_id": "3", "change_message": "Changed complete_date.", "action_flag": 2, "action_time": "2014-03-16T22:09:19Z", "content_type": 16, "user": 1}}, {"model": "admin.logentry", "pk": 28, "fields": {"object_repr": "Similar Property Changes", "object_id": "3", "change_message": "Changed notify_client.", "action_flag": 2, "action_time": "2014-03-16T22:09:29Z", "content_type": 16, "user": 1}}, {"model": "admin.logentry", "pk": 29, "fields": {"object_repr": "Similar Property Changes", "object_id": "3", "change_message": "Changed complete_date and notify_client.", "action_flag": 2, "action_time": "2014-03-16T22:09:44Z", "content_type": 16, "user": 1}}, {"model": "admin.logentry", "pk": 30, "fields": {"object_repr": "Property Favorite Not Logged In", "object_id": "1", "change_message": "Changed status.", "action_flag": 2, "action_time": "2014-03-16T22:10:07Z", "content_type": 16, "user": 1}}, {"model": "admin.logentry", "pk": 31, "fields": {"object_repr": "Adam Wester", "object_id": "3", "change_message": "", "action_flag": 1, "action_time": "2014-03-16T22:17:27Z", "content_type": 18, "user": 1}}, {"model": "admin.logentry", "pk": 32, "fields": {"object_repr": "Student Rent It", "object_id": "1", "change_message": "Changed contacts.", "action_flag": 2, "action_time": "2014-03-16T22:17:44Z", "content_type": 13, "user": 1}}, {"model": "admin.logentry", "pk": 33, "fields": {"object_repr": "Student Rent It", "object_id": "1", "change_message": "Changed contacts.", "action_flag": 2, "action_time": "2014-03-16T22:17:58Z", "content_type": 11, "user": 1}}, {"model": "admin.logentry", "pk": 34, "fields": {"object_repr": "Contact object", "object_id": "3", "change_message": "Changed first_name, last_name and email.", "action_flag": 2, "action_time": "2014-03-16T22:52:01Z", "content_type": 18, "user": 1}}, {"model": "admin.logentry", "pk": 35, "fields": {"object_repr": "Student Rent It", "object_id": "1", "change_message": "No fields changed.", "action_flag": 2, "action_time": "2014-03-16T22:52:17Z", "content_type": 13, "user": 1}}, {"model": "admin.logentry", "pk": 36, "fields": {"object_repr": "Contact object", "object_id": "4", "change_message": "", "action_flag": 1, "action_time": "2014-03-16T22:58:31Z", "content_type": 18, "user": 1}}, {"model": "admin.logentry", "pk": 37, "fields": {"object_repr": "Student Rent It", "object_id": "1", "change_message": "Changed contacts.", "action_flag": 2, "action_time": "2014-03-16T22:59:07Z", "content_type": 13, "user": 1}}, {"model": "admin.logentry", "pk": 38, "fields": {"object_repr": "Similar Property Changes", "object_id": "3", "change_message": "Changed status and complete_date.", "action_flag": 2, "action_time": "2014-03-17T01:26:27Z", "content_type": 16, "user": 1}}, {"model": "admin.logentry", "pk": 39, "fields": {"object_repr": "Property Favorite Not Logged In", "object_id": "1", "change_message": "Changed status.", "action_flag": 2, "action_time": "2014-03-17T01:26:47Z", "content_type": 16, "user": 1}}, {"model": "admin.logentry", "pk": 40, "fields": {"object_repr": "Build Property Impressions Metrics", "object_id": "5", "change_message": "", "action_flag": 1, "action_time": "2014-03-17T01:28:41Z", "content_type": 16, "user": 1}}, {"model": "admin.logentry", "pk": 41, "fields": {"object_repr": "Build Property Impressions Metrics", "object_id": "5", "change_message": "No fields changed.", "action_flag": 2, "action_time": "2014-03-17T01:34:00Z", "content_type": 16, "user": 1}}, {"model": "admin.logentry", "pk": 42, "fields": {"object_repr": "Test Task", "object_id": "6", "change_message": "", "action_flag": 1, "action_time": "2014-03-17T04:53:07Z", "content_type": 16, "user": 1}}, {"model": "admin.logentry", "pk": 43, "fields": {"object_repr": "Don't send error emails for 404", "object_id": "4", "change_message": "Changed status and complete_date.", "action_flag": 2, "action_time": "2014-03-17T05:00:48Z", "content_type": 16, "user": 1}}, {"model": "admin.logentry", "pk": 44, "fields": {"object_repr": "Similar Property Changes", "object_id": "3", "change_message": "Changed status and complete_date.", "action_flag": 2, "action_time": "2014-03-17T05:01:10Z", "content_type": 16, "user": 1}}, {"model": "admin.logentry", "pk": 45, "fields": {"object_repr": "Search Box Text", "object_id": "2", "change_message": "No fields changed.", "action_flag": 2, "action_time": "2014-03-17T05:01:21Z", "content_type": 16, "user": 1}}, {"model": "admin.logentry", "pk": 46, "fields": {"object_repr": "Property Favorite Not Logged In", "object_id": "1", "change_message": "Changed status and complete_date.", "action_flag": 2, "action_time": "2014-03-17T05:01:31Z", "content_type": 16, "user": 1}}, {"model": "admin.logentry", "pk": 47, "fields": {"object_repr": "Similar Property Changes", "object_id": "3", "change_message": "Changed complete_date.", "action_flag": 2, "action_time": "2014-03-17T05:02:00Z", "content_type": 16, "user": 1}}, {"model": "admin.logentry", "pk": 48, "fields": {"object_repr": "Brenden Martin", "object_id": "4", "change_message": "Changed email.", "action_flag": 2, "action_time": "2014-03-17T05:03:24Z", "content_type": 18, "user": 1}}, {"model": "admin.logentry", "pk": 49, "fields": {"object_repr": "Mongoose Metrics to Google Analytics", "object_id": "7", "change_message": "", "action_flag": 1, "action_time": "2014-03-17T15:41:39Z", "content_type": 16, "user": 1}}, {"model": "admin.logentry", "pk": 50, "fields": {"object_repr": "Reserve/Contact without Login", "object_id": "8", "change_message": "", "action_flag": 1, "action_time": "2014-03-17T20:22:27Z", "content_type": 16, "user": 1}}, {"model": "admin.logentry", "pk": 51, "fields": {"object_repr": "Email Changes", "object_id": "9", "change_message": "", "action_flag": 1, "action_time": "2014-03-17T20:23:29Z", "content_type": 16, "user": 1}}, {"model": "admin.logentry", "pk": 52, "fields": {"object_repr": "Mongoose Metrics to Google Analytics", "object_id": "7", "change_message": "Changed description.", "action_flag": 2, "action_time": "2014-03-17T20:24:08Z", "content_type": 16, "user": 1}}, {"model": "admin.logentry", "pk": 53, "fields": {"object_repr": "Amenity Search", "object_id": "10", "change_message": "", "action_flag": 1, "action_time": "2014-03-17T21:21:19Z", "content_type": 16, "user": 1}}, {"model": "admin.logentry", "pk": 54, "fields": {"object_repr": "Property SEO Changes", "object_id": "11", "change_message": "", "action_flag": 1, "action_time": "2014-03-17T22:04:03Z", "content_type": 16, "user": 1}}, {"model": "admin.logentry", "pk": 55, "fields": {"object_repr": "Business Checkbox in Search", "object_id": "12", "change_message": "", "action_flag": 1, "action_time": "2014-03-18T02:03:53Z", "content_type": 16, "user": 1}}, {"model": "admin.logentry", "pk": 56, "fields": {"object_repr": "multiple pictures", "object_id": "13", "change_message": "", "action_flag": 1, "action_time": "2014-03-18T15:53:00Z", "content_type": 16, "user": 1}}, {"model": "admin.logentry", "pk": 57, "fields": {"object_repr": "SEO Changes", "object_id": "14", "change_message": "", "action_flag": 1, "action_time": "2014-03-19T06:24:48Z", "content_type": 16, "user": 1}}, {"model": "admin.logentry", "pk": 58, "fields": {"object_repr": "Show Pictures on Mobile Search", "object_id": "15", "change_message": "", "action_flag": 1, "action_time": "2014-03-19T22:18:37Z", "content_type": 16, "user": 1}}, {"model": "admin.logentry", "pk": 59, "fields": {"object_repr": "SEO Changes", "object_id": "14", "change_message": "Changed description.", "action_flag": 2, "action_time": "2014-03-19T22:19:10Z", "content_type": 16, "user": 1}}, {"model": "admin.logentry", "pk": 60, "fields": {"object_repr": "SEO Changes", "object_id": "14", "change_message": "Changed status.", "action_flag": 2, "action_time": "2014-03-19T22:23:28Z", "content_type": 16, "user": 1}}, {"model": "admin.logentry", "pk": 61, "fields": {"object_repr": "Adam Wester", "object_id": "2", "change_message": "", "action_flag": 1, "action_time": "2014-03-20T06:04:33Z", "content_type": 11, "user": 1}}, {"model": "admin.logentry", "pk": 62, "fields": {"object_repr": "Travel Blog Source", "object_id": "2", "change_message": "", "action_flag": 1, "action_time": "2014-03-20T06:05:22Z", "content_type": 13, "user": 1}}, {"model": "admin.logentry", "pk": 63, "fields": {"object_repr": "Website for Travel Blog Source", "object_id": "2", "change_message": "", "action_flag": 1, "action_time": "2014-03-20T06:05:57Z", "content_type": 15, "user": 1}}, {"model": "admin.logentry", "pk": 64, "fields": {"object_repr": "Link doesn't work in modal dojo-editor", "object_id": "16", "change_message": "", "action_flag": 1, "action_time": "2014-03-20T18:33:13Z", "content_type": 16, "user": 1}}, {"model": "admin.logentry", "pk": 65, "fields": {"object_repr": "Save Contacts", "object_id": "17", "change_message": "", "action_flag": 1, "action_time": "2014-03-21T16:18:12Z", "content_type": 16, "user": 1}}, {"model": "admin.logentry", "pk": 66, "fields": {"object_repr": "Admin report permission", "object_id": "18", "change_message": "", "action_flag": 1, "action_time": "2014-03-21T16:36:29Z", "content_type": 16, "user": 1}}, {"model": "admin.logentry", "pk": 67, "fields": {"object_repr": "Property Owner Reports", "object_id": "19", "change_message": "", "action_flag": 1, "action_time": "2014-03-21T16:36:54Z", "content_type": 16, "user": 1}}, {"model": "admin.logentry", "pk": 68, "fields": {"object_repr": "School Search", "object_id": "20", "change_message": "", "action_flag": 1, "action_time": "2014-03-21T16:38:07Z", "content_type": 16, "user": 1}}, {"model": "admin.logentry", "pk": 69, "fields": {"object_repr": "Change List View Impression", "object_id": "21", "change_message": "", "action_flag": 1, "action_time": "2014-03-21T20:02:01Z", "content_type": 16, "user": 1}}, {"model": "admin.logentry", "pk": 70, "fields": {"object_repr": "Social Media Fixes", "object_id": "22", "change_message": "", "action_flag": 1, "action_time": "2014-03-21T21:14:49Z", "content_type": 16, "user": 1}}, {"model": "admin.logentry", "pk": 71, "fields": {"object_repr": "Meta Description/Tags", "object_id": "23", "change_message": "", "action_flag": 1, "action_time": "2014-03-21T21:47:41Z", "content_type": 16, "user": 1}}, {"model": "admin.logentry", "pk": 72, "fields": {"object_repr": "Dennis Wester", "object_id": "5", "change_message": "", "action_flag": 1, "action_time": "2014-03-21T22:49:20Z", "content_type": 18, "user": 1}}, {"model": "admin.logentry", "pk": 73, "fields": {"object_repr": "Dennis Wester", "object_id": "3", "change_message": "", "action_flag": 1, "action_time": "2014-03-21T22:49:23Z", "content_type": 11, "user": 1}}, {"model": "admin.logentry", "pk": 74, "fields": {"object_repr": "Dennis Wester", "object_id": "3", "change_message": "Changed contacts.", "action_flag": 2, "action_time": "2014-03-21T22:49:38Z", "content_type": 11, "user": 1}}, {"model": "admin.logentry", "pk": 75, "fields": {"object_repr": "Dennis Wester Translating", "object_id": "3", "change_message": "", "action_flag": 1, "action_time": "2014-03-21T22:50:52Z", "content_type": 13, "user": 1}}, {"model": "admin.logentry", "pk": 76, "fields": {"object_repr": "Hours object", "object_id": "1", "change_message": "", "action_flag": 1, "action_time": "2014-03-21T23:26:14Z", "content_type": 19, "user": 1}}, {"model": "admin.logentry", "pk": 77, "fields": {"object_repr": "Hours object", "object_id": "1", "change_message": "Changed hours.", "action_flag": 2, "action_time": "2014-03-21T23:28:12Z", "content_type": 19, "user": 1}}, {"model": "admin.logentry", "pk": 78, "fields": {"object_repr": "Student Rent It - 2014-03-21", "object_id": "1", "change_message": "No fields changed.", "action_flag": 2, "action_time": "2014-03-21T23:30:30Z", "content_type": 19, "user": 1}}, {"model": "admin.logentry", "pk": 79, "fields": {"object_repr": "Student Rent It - 2014-03-20", "object_id": "2", "change_message": "", "action_flag": 1, "action_time": "2014-03-21T23:30:44Z", "content_type": 19, "user": 1}}, {"model": "admin.logentry", "pk": 81, "fields": {"object_repr": "Student Rent It - 2014-03-20", "object_id": "2", "change_message": "Changed payment.", "action_flag": 2, "action_time": "2014-03-21T23:59:38Z", "content_type": 19, "user": 1}}, {"model": "admin.logentry", "pk": 82, "fields": {"object_repr": "Student Rent It - 2014-03-21", "object_id": "1", "change_message": "Changed payment.", "action_flag": 2, "action_time": "2014-03-21T23:59:45Z", "content_type": 19, "user": 1}}, {"model": "admin.logentry", "pk": 83, "fields": {"object_repr": "Student Rent It - 2014-03-20", "object_id": "2", "change_message": "Changed payment.", "action_flag": 2, "action_time": "2014-03-22T03:32:34Z", "content_type": 19, "user": 1}}, {"model": "admin.logentry", "pk": 84, "fields": {"object_repr": "Student Rent It - 2014-03-21", "object_id": "1", "change_message": "Changed payment.", "action_flag": 2, "action_time": "2014-03-22T03:32:41Z", "content_type": 19, "user": 1}}, {"model": "admin.logentry", "pk": 85, "fields": {"object_repr": "Student Rent It - 2014-03-23", "object_id": "3", "change_message": "", "action_flag": 1, "action_time": "2014-03-24T16:15:10Z", "content_type": 19, "user": 1}}, {"model": "admin.logentry", "pk": 86, "fields": {"object_repr": "Student Rent It - 2014-03-23", "object_id": "3", "change_message": "Changed hours.", "action_flag": 2, "action_time": "2014-03-24T16:15:45Z", "content_type": 19, "user": 1}}, {"model": "admin.logentry", "pk": 87, "fields": {"object_repr": "Student Rent It - 2014-03-23", "object_id": "3", "change_message": "Changed hours.", "action_flag": 2, "action_time": "2014-03-24T16:15:57Z", "content_type": 19, "user": 1}}, {"model": "admin.logentry", "pk": 88, "fields": {"object_repr": "Student Rent It - 2014-03-24", "object_id": "4", "change_message": "", "action_flag": 1, "action_time": "2014-03-25T16:32:39Z", "content_type": 19, "user": 1}}, {"model": "admin.logentry", "pk": 89, "fields": {"object_repr": "Student Rent It - 2014-03-25", "object_id": "5", "change_message": "", "action_flag": 1, "action_time": "2014-03-27T01:46:01Z", "content_type": 19, "user": 1}}, {"model": "admin.logentry", "pk": 90, "fields": {"object_repr": "Travel Blog Source - 2014-03-19", "object_id": "6", "change_message": "", "action_flag": 1, "action_time": "2014-03-27T02:12:21Z", "content_type": 19, "user": 1}}, {"model": "admin.logentry", "pk": 91, "fields": {"object_repr": "Travel Blog Source - 2014-03-20", "object_id": "7", "change_message": "", "action_flag": 1, "action_time": "2014-03-27T02:12:36Z", "content_type": 19, "user": 1}}, {"model": "admin.logentry", "pk": 92, "fields": {"object_repr": "Travel Blog Source - 2014-03-21", "object_id": "8", "change_message": "", "action_flag": 1, "action_time": "2014-03-27T02:12:47Z", "content_type": 19, "user": 1}}, {"model": "admin.logentry", "pk": 93, "fields": {"object_repr": "Travel Blog Source - 2014-03-24", "object_id": "9", "change_message": "", "action_flag": 1, "action_time": "2014-03-27T02:12:59Z", "content_type": 19, "user": 1}}, {"model": "admin.logentry", "pk": 94, "fields": {"object_repr": "Travel Blog Source - 2014-03-25", "object_id": "10", "change_message": "", "action_flag": 1, "action_time": "2014-03-27T02:13:08Z", "content_type": 19, "user": 1}}, {"model": "admin.logentry", "pk": 95, "fields": {"object_repr": "Student Rent It - 2014-03-25", "object_id": "5", "change_message": "Changed payment.", "action_flag": 2, "action_time": "2014-03-27T02:53:29Z", "content_type": 19, "user": 1}}, {"model": "admin.logentry", "pk": 96, "fields": {"object_repr": "Travel Blog Source", "object_id": "2", "change_message": "Changed payroll_contacts and pay_amount.", "action_flag": 2, "action_time": "2014-03-27T04:48:55Z", "content_type": 13, "user": 1}}, {"model": "admin.logentry", "pk": 97, "fields": {"object_repr": "Student Rent It - 2014-03-26", "object_id": "11", "change_message": "", "action_flag": 1, "action_time": "2014-03-27T05:17:02Z", "content_type": 19, "user": 1}}, {"model": "admin.logentry", "pk": 98, "fields": {"object_repr": "Student Rent It - 2014-03-27", "object_id": "12", "change_message": "", "action_flag": 1, "action_time": "2014-03-28T05:21:00Z", "content_type": 19, "user": 1}}, {"model": "admin.logentry", "pk": 99, "fields": {"object_repr": "Student Rent It - 2014-03-28", "object_id": "13", "change_message": "", "action_flag": 1, "action_time": "2014-03-28T22:30:32Z", "content_type": 19, "user": 1}}, {"model": "admin.logentry", "pk": 100, "fields": {"object_repr": "Student Rent It - 2014-03-28", "object_id": "13", "change_message": "Changed hours.", "action_flag": 2, "action_time": "2014-03-29T05:45:44Z", "content_type": 19, "user": 1}}, {"model": "admin.logentry", "pk": 101, "fields": {"object_repr": "Student Rent It - 2014-03-30", "object_id": "14", "change_message": "", "action_flag": 1, "action_time": "2014-03-31T03:56:24Z", "content_type": 19, "user": 1}}, {"model": "admin.logentry", "pk": 102, "fields": {"object_repr": "Student Rent It - 2014-03-31", "object_id": "15", "change_message": "", "action_flag": 1, "action_time": "2014-04-01T14:16:06Z", "content_type": 19, "user": 1}}, {"model": "admin.logentry", "pk": 103, "fields": {"object_repr": "Student Rent It - 2014-03-20", "object_id": "2", "change_message": "Changed invoice.", "action_flag": 2, "action_time": "2014-04-01T15:58:48Z", "content_type": 19, "user": 1}}, {"model": "admin.logentry", "pk": 104, "fields": {"object_repr": "Student Rent It - 2014-03-21", "object_id": "1", "change_message": "Changed invoice.", "action_flag": 2, "action_time": "2014-04-01T15:58:57Z", "content_type": 19, "user": 1}}, {"model": "admin.logentry", "pk": 105, "fields": {"object_repr": "Student Rent It - 2014-03-23", "object_id": "3", "change_message": "Changed invoice.", "action_flag": 2, "action_time": "2014-04-01T15:59:02Z", "content_type": 19, "user": 1}}, {"model": "admin.logentry", "pk": 106, "fields": {"object_repr": "Student Rent It - 2014-03-24", "object_id": "4", "change_message": "Changed invoice.", "action_flag": 2, "action_time": "2014-04-01T15:59:09Z", "content_type": 19, "user": 1}}, {"model": "admin.logentry", "pk": 107, "fields": {"object_repr": "Student Rent It - 2014-03-25", "object_id": "5", "change_message": "Changed invoice.", "action_flag": 2, "action_time": "2014-04-01T15:59:15Z", "content_type": 19, "user": 1}}, {"model": "admin.logentry", "pk": 108, "fields": {"object_repr": "Student Rent It - 2014-03-26", "object_id": "11", "change_message": "Changed invoice.", "action_flag": 2, "action_time": "2014-04-01T15:59:23Z", "content_type": 19, "user": 1}}, {"model": "admin.logentry", "pk": 109, "fields": {"object_repr": "Student Rent It - 2014-03-27", "object_id": "12", "change_message": "Changed invoice.", "action_flag": 2, "action_time": "2014-04-01T15:59:28Z", "content_type": 19, "user": 1}}, {"model": "admin.logentry", "pk": 110, "fields": {"object_repr": "Student Rent It - 2014-03-28", "object_id": "13", "change_message": "Changed invoice.", "action_flag": 2, "action_time": "2014-04-01T15:59:33Z", "content_type": 19, "user": 1}}, {"model": "admin.logentry", "pk": 111, "fields": {"object_repr": "Student Rent It - 2014-03-30", "object_id": "14", "change_message": "Changed invoice.", "action_flag": 2, "action_time": "2014-04-01T15:59:38Z", "content_type": 19, "user": 1}}, {"model": "admin.logentry", "pk": 112, "fields": {"object_repr": "Student Rent It - 2014-03-31", "object_id": "15", "change_message": "Changed invoice.", "action_flag": 2, "action_time": "2014-04-01T15:59:46Z", "content_type": 19, "user": 1}}, {"model": "admin.logentry", "pk": 113, "fields": {"object_repr": "Efficiency", "object_id": "5", "change_message": "", "action_flag": 3, "action_time": "2014-04-02T02:30:22Z", "content_type": 9, "user": 1}}, {"model": "admin.logentry", "pk": 114, "fields": {"object_repr": "Honesty", "object_id": "2", "change_message": "", "action_flag": 3, "action_time": "2014-04-02T02:30:22Z", "content_type": 9, "user": 1}}, {"model": "admin.logentry", "pk": 115, "fields": {"object_repr": "First Class Development", "object_id": "3", "change_message": "Changed text.", "action_flag": 2, "action_time": "2014-04-02T02:31:45Z", "content_type": 9, "user": 1}}, {"model": "admin.logentry", "pk": 116, "fields": {"object_repr": "Startup Knowledge", "object_id": "1", "change_message": "Changed text.", "action_flag": 2, "action_time": "2014-04-02T02:32:47Z", "content_type": 9, "user": 1}}, {"model": "admin.logentry", "pk": 117, "fields": {"object_repr": "Dedication", "object_id": "4", "change_message": "Changed text.", "action_flag": 2, "action_time": "2014-04-02T02:33:45Z", "content_type": 9, "user": 1}}, {"model": "admin.logentry", "pk": 118, "fields": {"object_repr": "Business and IT", "object_id": "6", "change_message": "No fields changed.", "action_flag": 2, "action_time": "2014-04-02T02:34:01Z", "content_type": 9, "user": 1}}, {"model": "admin.logentry", "pk": 119, "fields": {"object_repr": "Business and IT", "object_id": "6", "change_message": "Changed text.", "action_flag": 2, "action_time": "2014-04-02T02:34:11Z", "content_type": 9, "user": 1}}, {"model": "admin.logentry", "pk": 120, "fields": {"object_repr": "First Class Development", "object_id": "3", "change_message": "Changed image.", "action_flag": 2, "action_time": "2014-04-02T02:43:16Z", "content_type": 9, "user": 1}}, {"model": "admin.logentry", "pk": 121, "fields": {"object_repr": "Dedication", "object_id": "4", "change_message": "Changed text.", "action_flag": 2, "action_time": "2014-04-02T02:46:43Z", "content_type": 9, "user": 1}}, {"model": "admin.logentry", "pk": 122, "fields": {"object_repr": "Steps Of A Traveler", "object_id": "1", "change_message": "Changed image.", "action_flag": 2, "action_time": "2014-04-02T02:51:24Z", "content_type": 10, "user": 1}}, {"model": "admin.logentry", "pk": 123, "fields": {"object_repr": "Steps Of A Traveler", "object_id": "1", "change_message": "Changed text.", "action_flag": 2, "action_time": "2014-04-02T05:00:54Z", "content_type": 10, "user": 1}}, {"model": "admin.logentry", "pk": 124, "fields": {"object_repr": "Travel Blog Source", "object_id": "2", "change_message": "Changed text.", "action_flag": 2, "action_time": "2014-04-02T05:01:52Z", "content_type": 10, "user": 1}}, {"model": "admin.logentry", "pk": 125, "fields": {"object_repr": "sri", "object_id": "3", "change_message": "", "action_flag": 3, "action_time": "2014-04-03T01:24:03Z", "content_type": 8, "user": 1}}, {"model": "admin.logentry", "pk": 126, "fields": {"object_repr": "sri", "object_id": "2", "change_message": "", "action_flag": 3, "action_time": "2014-04-03T01:24:03Z", "content_type": 8, "user": 1}}, {"model": "admin.logentry", "pk": 127, "fields": {"object_repr": "sri", "object_id": "1", "change_message": "", "action_flag": 3, "action_time": "2014-04-03T01:24:03Z", "content_type": 8, "user": 1}}, {"model": "admin.logentry", "pk": 128, "fields": {"object_repr": "Dennis Wester Translating - 2014-04-02", "object_id": "16", "change_message": "", "action_flag": 1, "action_time": "2014-04-03T02:03:45Z", "content_type": 19, "user": 1}}, {"model": "admin.logentry", "pk": 129, "fields": {"object_repr": "Student Rent It - 2014-04-03", "object_id": "17", "change_message": "", "action_flag": 1, "action_time": "2014-04-03T23:02:37Z", "content_type": 19, "user": 1}}, {"model": "admin.logentry", "pk": 130, "fields": {"object_repr": "Dennis Wester Translating - 2014-04-03", "object_id": "18", "change_message": "", "action_flag": 1, "action_time": "2014-04-04T05:46:52Z", "content_type": 19, "user": 1}}, {"model": "admin.logentry", "pk": 131, "fields": {"object_repr": "Student Rent It - 2014-04-03", "object_id": "17", "change_message": "Changed hours.", "action_flag": 2, "action_time": "2014-04-04T06:26:21Z", "content_type": 19, "user": 1}}, {"model": "admin.logentry", "pk": 132, "fields": {"object_repr": "Student Rent It - 2014-04-04", "object_id": "19", "change_message": "", "action_flag": 1, "action_time": "2014-04-04T22:30:07Z", "content_type": 19, "user": 1}}, {"model": "admin.logentry", "pk": 133, "fields": {"object_repr": "Small Business", "object_id": "1", "change_message": "", "action_flag": 1, "action_time": "2014-04-04T23:46:25Z", "content_type": 23, "user": 1}}, {"model": "admin.logentry", "pk": 134, "fields": {"object_repr": "Startup Business", "object_id": "2", "change_message": "", "action_flag": 1, "action_time": "2014-04-04T23:46:41Z", "content_type": 23, "user": 1}}, {"model": "admin.logentry", "pk": 135, "fields": {"object_repr": "Django", "object_id": "3", "change_message": "", "action_flag": 1, "action_time": "2014-04-04T23:46:48Z", "content_type": 23, "user": 1}}, {"model": "admin.logentry", "pk": 136, "fields": {"object_repr": "Bootstrap", "object_id": "4", "change_message": "", "action_flag": 1, "action_time": "2014-04-04T23:46:55Z", "content_type": 23, "user": 1}}, {"model": "admin.logentry", "pk": 137, "fields": {"object_repr": "Student Rent It - 2014-04-04", "object_id": "19", "change_message": "Changed hours.", "action_flag": 2, "action_time": "2014-04-05T23:52:00Z", "content_type": 19, "user": 1}}, {"model": "admin.logentry", "pk": 138, "fields": {"object_repr": "Student Rent It - 2014-04-05", "object_id": "20", "change_message": "", "action_flag": 1, "action_time": "2014-04-05T23:52:59Z", "content_type": 19, "user": 1}}, {"model": "admin.logentry", "pk": 139, "fields": {"object_repr": "What is Azul Cloud Studio?", "object_id": "1", "change_message": "", "action_flag": 1, "action_time": "2014-04-07T02:24:14Z", "content_type": 22, "user": 1}}, {"model": "admin.logentry", "pk": 140, "fields": {"object_repr": "About The Founder, Adam", "object_id": "1", "change_message": "Changed title, body and active.", "action_flag": 2, "action_time": "2014-04-07T02:44:17Z", "content_type": 22, "user": 1}}, {"model": "admin.logentry", "pk": 141, "fields": {"object_repr": "About The Founder, Adam", "object_id": "1", "change_message": "Changed body.", "action_flag": 2, "action_time": "2014-04-07T02:59:15Z", "content_type": 22, "user": 1}}, {"model": "admin.logentry", "pk": 142, "fields": {"object_repr": "Goals of Azul Cloud Studio", "object_id": "2", "change_message": "", "action_flag": 1, "action_time": "2014-04-07T03:18:37Z", "content_type": 22, "user": 1}}, {"model": "admin.logentry", "pk": 143, "fields": {"object_repr": "Goals of Azul Cloud Studio", "object_id": "2", "change_message": "Changed active.", "action_flag": 2, "action_time": "2014-04-07T03:20:29Z", "content_type": 22, "user": 1}}, {"model": "admin.logentry", "pk": 144, "fields": {"object_repr": "admin", "object_id": "1", "change_message": "Changed password, first_name and last_name.", "action_flag": 2, "action_time": "2014-04-07T03:20:57Z", "content_type": 4, "user": 1}}, {"model": "admin.logentry", "pk": 145, "fields": {"object_repr": "Testing Django Tag", "object_id": "3", "change_message": "", "action_flag": 1, "action_time": "2014-04-07T04:17:24Z", "content_type": 22, "user": 1}}, {"model": "admin.logentry", "pk": 146, "fields": {"object_repr": "Testing Django Tag", "object_id": "3", "change_message": "Changed active.", "action_flag": 2, "action_time": "2014-04-07T04:17:31Z", "content_type": 22, "user": 1}}, {"model": "admin.logentry", "pk": 147, "fields": {"object_repr": "The Joys of Bootstrap", "object_id": "4", "change_message": "", "action_flag": 1, "action_time": "2014-04-07T05:27:35Z", "content_type": 22, "user": 1}}, {"model": "admin.logentry", "pk": 148, "fields": {"object_repr": "Something Else", "object_id": "5", "change_message": "", "action_flag": 1, "action_time": "2014-04-07T05:27:52Z", "content_type": 22, "user": 1}}, {"model": "admin.logentry", "pk": 149, "fields": {"object_repr": "Something Else", "object_id": "5", "change_message": "Changed active.", "action_flag": 2, "action_time": "2014-04-07T05:27:57Z", "content_type": 22, "user": 1}}, {"model": "admin.logentry", "pk": 150, "fields": {"object_repr": "Something Else", "object_id": "5", "change_message": "", "action_flag": 3, "action_time": "2014-04-07T05:29:38Z", "content_type": 22, "user": 1}}, {"model": "admin.logentry", "pk": 151, "fields": {"object_repr": "The Joys of Bootstrap", "object_id": "4", "change_message": "", "action_flag": 3, "action_time": "2014-04-07T05:29:38Z", "content_type": 22, "user": 1}}, {"model": "admin.logentry", "pk": 152, "fields": {"object_repr": "Testing Django Tag", "object_id": "3", "change_message": "", "action_flag": 3, "action_time": "2014-04-07T05:29:38Z", "content_type": 22, "user": 1}}, {"model": "admin.logentry", "pk": 153, "fields": {"object_repr": "Student Rent It - 2014-04-07", "object_id": "21", "change_message": "", "action_flag": 1, "action_time": "2014-04-08T16:54:19Z", "content_type": 19, "user": 1}}, {"model": "admin.logentry", "pk": 154, "fields": {"object_repr": "Student Rent It - 2014-04-08", "object_id": "22", "change_message": "", "action_flag": 1, "action_time": "2014-04-09T05:18:24Z", "content_type": 19, "user": 1}}, {"model": "admin.logentry", "pk": 155, "fields": {"object_repr": "Student Rent It - 2014-04-09", "object_id": "22", "change_message": "Changed date.", "action_flag": 2, "action_time": "2014-04-11T04:26:10Z", "content_type": 19, "user": 1}}, {"model": "admin.logentry", "pk": 156, "fields": {"object_repr": "Student Rent It - 2014-04-10", "object_id": "23", "change_message": "", "action_flag": 1, "action_time": "2014-04-11T04:26:47Z", "content_type": 19, "user": 1}}, {"model": "admin.logentry", "pk": 157, "fields": {"object_repr": "Student Rent It - 2014-04-11", "object_id": "24", "change_message": "", "action_flag": 1, "action_time": "2014-04-12T05:07:32Z", "content_type": 19, "user": 1}}, {"model": "admin.logentry", "pk": 158, "fields": {"object_repr": "Student Rent It", "object_id": "1", "change_message": "Changed pay_amount and pay_cycle.", "action_flag": 2, "action_time": "2014-04-12T05:08:07Z", "content_type": 13, "user": 1}}, {"model": "admin.logentry", "pk": 159, "fields": {"object_repr": "Student Rent It - 2014-04-11", "object_id": "24", "change_message": "Changed hours.", "action_flag": 2, "action_time": "2014-04-12T06:35:52Z", "content_type": 19, "user": 1}}, {"model": "admin.logentry", "pk": 160, "fields": {"object_repr": "Student Rent It - 2014-04-13", "object_id": "25", "change_message": "", "action_flag": 1, "action_time": "2014-04-14T16:15:17Z", "content_type": 19, "user": 1}}, {"model": "admin.logentry", "pk": 161, "fields": {"object_repr": "Student Rent It - 2014-04-14", "object_id": "26", "change_message": "", "action_flag": 1, "action_time": "2014-04-15T05:30:09Z", "content_type": 19, "user": 1}}, {"model": "admin.logentry", "pk": 162, "fields": {"object_repr": "Student Rent It - 2014-04-15", "object_id": "27", "change_message": "", "action_flag": 1, "action_time": "2014-04-16T07:10:26Z", "content_type": 19, "user": 1}}, {"model": "admin.logentry", "pk": 163, "fields": {"object_repr": "Student Rent It - 2014-04-28", "object_id": "28", "change_message": "", "action_flag": 1, "action_time": "2014-04-29T00:04:54Z", "content_type": 19, "user": 1}}, {"model": "admin.logentry", "pk": 164, "fields": {"object_repr": "Aly Torres", "object_id": "6", "change_message": "", "action_flag": 1, "action_time": "2014-04-30T16:54:22Z", "content_type": 18, "user": 1}}, {"model": "admin.logentry", "pk": 165, "fields": {"object_repr": "Aly Torres Cocina", "object_id": "4", "change_message": "", "action_flag": 1, "action_time": "2014-04-30T16:54:46Z", "content_type": 11, "user": 1}}, {"model": "admin.logentry", "pk": 166, "fields": {"object_repr": "Aly Torres Cocina", "object_id": "4", "change_message": "", "action_flag": 1, "action_time": "2014-04-30T16:55:31Z", "content_type": 13, "user": 1}}, {"model": "admin.logentry", "pk": 167, "fields": {"object_repr": "Website for Aly Torres Cocina", "object_id": "3", "change_message": "", "action_flag": 1, "action_time": "2014-04-30T16:56:33Z", "content_type": 15, "user": 1}}, {"model": "admin.logentry", "pk": 168, "fields": {"object_repr": "Aly Torres Cocina - 2014-04-30", "object_id": "29", "change_message": "", "action_flag": 1, "action_time": "2014-04-30T23:48:55Z", "content_type": 19, "user": 1}}, {"model": "admin.logentry", "pk": 169, "fields": {"object_repr": "Student Rent It - 2014-05-01", "object_id": "30", "change_message": "", "action_flag": 1, "action_time": "2014-05-02T15:20:31Z", "content_type": 19, "user": 1}}, {"model": "admin.logentry", "pk": 170, "fields": {"object_repr": "Aly Torres Cocina - 2014-05-15", "object_id": "31", "change_message": "", "action_flag": 1, "action_time": "2014-05-16T03:29:27Z", "content_type": 19, "user": 1}}, {"model": "admin.logentry", "pk": 171, "fields": {"object_repr": "Aly Torres Cocina - 2014-05-16", "object_id": "32", "change_message": "", "action_flag": 1, "action_time": "2014-05-16T18:00:26Z", "content_type": 19, "user": 1}}, {"model": "admin.logentry", "pk": 172, "fields": {"object_repr": "Aly Torres Cocina - 2014-05-16", "object_id": "32", "change_message": "Changed hours and description.", "action_flag": 2, "action_time": "2014-05-16T19:55:10Z", "content_type": 19, "user": 1}}, {"model": "admin.logentry", "pk": 173, "fields": {"object_repr": "Aly Torres Cocina - 2014-05-17", "object_id": "33", "change_message": "", "action_flag": 1, "action_time": "2014-05-19T15:19:23Z", "content_type": 19, "user": 1}}, {"model": "admin.logentry", "pk": 174, "fields": {"object_repr": "Aly Torres Cocina - 2014-05-20", "object_id": "34", "change_message": "", "action_flag": 1, "action_time": "2014-05-21T19:56:15Z", "content_type": 19, "user": 1}}, {"model": "admin.logentry", "pk": 175, "fields": {"object_repr": "Aly Torres Cocina - 2014-05-21", "object_id": "35", "change_message": "", "action_flag": 1, "action_time": "2014-05-21T19:56:41Z", "content_type": 19, "user": 1}}, {"model": "admin.logentry", "pk": 176, "fields": {"object_repr": "Aly Torres Cocina - 2014-05-23", "object_id": "36", "change_message": "", "action_flag": 1, "action_time": "2014-05-23T20:26:35Z", "content_type": 19, "user": 1}}, {"model": "admin.logentry", "pk": 177, "fields": {"object_repr": "Aly Torres", "object_id": "6", "change_message": "Changed email.", "action_flag": 2, "action_time": "2014-05-27T23:14:10Z", "content_type": 18, "user": 1}}, {"model": "admin.logentry", "pk": 178, "fields": {"object_repr": "Website for Aly Torres Cocina", "object_id": "3", "change_message": "Changed status and js_library.", "action_flag": 2, "action_time": "2014-05-29T17:53:20Z", "content_type": 15, "user": 1}}, {"model": "admin.logentry", "pk": 179, "fields": {"object_repr": "Website for Travel Blog Source", "object_id": "2", "change_message": "Changed status.", "action_flag": 2, "action_time": "2014-05-29T17:53:30Z", "content_type": 15, "user": 1}}, {"model": "admin.logentry", "pk": 180, "fields": {"object_repr": "Website for Student Rent It", "object_id": "1", "change_message": "Changed status.", "action_flag": 2, "action_time": "2014-05-29T17:53:54Z", "content_type": 15, "user": 1}}, {"model": "admin.logentry", "pk": 181, "fields": {"object_repr": "Student Rent It - 2014-04-01", "object_id": "14", "change_message": "Changed status.", "action_flag": 2, "action_time": "2014-05-29T17:55:27Z", "content_type": 21, "user": 1}}, {"model": "admin.logentry", "pk": 182, "fields": {"object_repr": "Aly Torres Cocina - 2014-05-27", "object_id": "37", "change_message": "", "action_flag": 1, "action_time": "2014-05-29T17:58:46Z", "content_type": 19, "user": 1}}, {"model": "admin.logentry", "pk": 183, "fields": {"object_repr": "Student Rent It - 2014-06-06", "object_id": "30", "change_message": "Changed date, hours and description.", "action_flag": 2, "action_time": "2014-06-06T20:21:03Z", "content_type": 19, "user": 1}}, {"model": "admin.logentry", "pk": 184, "fields": {"object_repr": "Aly Torres Cocina", "object_id": "4", "change_message": "Changed pay_amount.", "action_flag": 2, "action_time": "2014-06-07T20:54:57Z", "content_type": 13, "user": 1}}, {"model": "admin.logentry", "pk": 185, "fields": {"object_repr": "Aly Torres Cocina - 2014-06-07", "object_id": "21", "change_message": "Changed status.", "action_flag": 2, "action_time": "2014-06-07T20:56:20Z", "content_type": 21, "user": 1}}, {"model": "admin.logentry", "pk": 186, "fields": {"object_repr": "Dennis Wester Translating", "object_id": "3", "change_message": "Changed pay_amount.", "action_flag": 2, "action_time": "2014-06-07T21:01:04Z", "content_type": 13, "user": 1}}, {"model": "admin.logentry", "pk": 187, "fields": {"object_repr": "Student Rent It - 2014-06-07", "object_id": "38", "change_message": "", "action_flag": 1, "action_time": "2014-06-07T21:13:37Z", "content_type": 19, "user": 1}}, {"model": "admin.logentry", "pk": 188, "fields": {"object_repr": "Student Rent It - 2014-06-08", "object_id": "39", "change_message": "", "action_flag": 1, "action_time": "2014-06-09T01:56:01Z", "content_type": 19, "user": 1}}, {"model": "admin.logentry", "pk": 189, "fields": {"object_repr": "Student Rent It - 2014-06-09", "object_id": "40", "change_message": "", "action_flag": 1, "action_time": "2014-06-10T04:11:38Z", "content_type": 19, "user": 1}}, {"model": "admin.logentry", "pk": 190, "fields": {"object_repr": "Student Rent It", "object_id": "1", "change_message": "Changed pay_amount.", "action_flag": 2, "action_time": "2014-06-10T04:13:19Z", "content_type": 13, "user": 1}}, {"model": "admin.logentry", "pk": 191, "fields": {"object_repr": "Student Rent It - 2014-06-10", "object_id": "41", "change_message": "", "action_flag": 1, "action_time": "2014-06-11T04:15:48Z", "content_type": 19, "user": 1}}, {"model": "admin.logentry", "pk": 192, "fields": {"object_repr": "Student Rent It - 2014-06-11", "object_id": "42", "change_message": "", "action_flag": 1, "action_time": "2014-06-11T16:03:46Z", "content_type": 19, "user": 1}}, {"model": "admin.logentry", "pk": 193, "fields": {"object_repr": "Student Rent It - 2014-06-11", "object_id": "42", "change_message": "Changed hours and description.", "action_flag": 2, "action_time": "2014-06-12T00:02:36Z", "content_type": 19, "user": 1}}, {"model": "admin.logentry", "pk": 194, "fields": {"object_repr": "Student Rent It - 2014-06-12", "object_id": "43", "change_message": "", "action_flag": 1, "action_time": "2014-06-13T13:55:05Z", "content_type": 19, "user": 1}}, {"model": "admin.logentry", "pk": 195, "fields": {"object_repr": "Student Rent It - 2014-06-13", "object_id": "44", "change_message": "", "action_flag": 1, "action_time": "2014-06-13T15:47:49Z", "content_type": 19, "user": 1}}, {"model": "admin.logentry", "pk": 196, "fields": {"object_repr": "Student Rent It - 2014-06-13", "object_id": "44", "change_message": "Changed hours.", "action_flag": 2, "action_time": "2014-06-14T03:40:04Z", "content_type": 19, "user": 1}}, {"model": "admin.logentry", "pk": 197, "fields": {"object_repr": "Student Rent It - 2014-06-16", "object_id": "45", "change_message": "", "action_flag": 1, "action_time": "2014-06-17T14:11:05Z", "content_type": 19, "user": 1}}, {"model": "admin.logentry", "pk": 198, "fields": {"object_repr": "Student Rent It - 2014-06-18", "object_id": "46", "change_message": "", "action_flag": 1, "action_time": "2014-06-18T05:09:08Z", "content_type": 19, "user": 1}}, {"model": "admin.logentry", "pk": 199, "fields": {"object_repr": "Student Rent It - 2014-06-17", "object_id": "46", "change_message": "Changed date.", "action_flag": 2, "action_time": "2014-06-18T05:12:45Z", "content_type": 19, "user": 1}}, {"model": "admin.logentry", "pk": 200, "fields": {"object_repr": "Student Rent It - 2014-06-13", "object_id": "44", "change_message": "Changed description.", "action_flag": 2, "action_time": "2014-06-18T05:13:23Z", "content_type": 19, "user": 1}}, {"model": "admin.logentry", "pk": 201, "fields": {"object_repr": "Student Rent It - 2014-06-18", "object_id": "47", "change_message": "", "action_flag": 1, "action_time": "2014-06-19T04:07:54Z", "content_type": 19, "user": 1}}, {"model": "admin.logentry", "pk": 202, "fields": {"object_repr": "Student Rent It - 2014-06-19", "object_id": "48", "change_message": "", "action_flag": 1, "action_time": "2014-06-20T16:36:33Z", "content_type": 19, "user": 1}}, {"model": "admin.logentry", "pk": 203, "fields": {"object_repr": "Student Rent It - 2014-06-20", "object_id": "49", "change_message": "", "action_flag": 1, "action_time": "2014-06-21T16:10:39Z", "content_type": 19, "user": 1}}, {"model": "admin.logentry", "pk": 204, "fields": {"object_repr": "Student Rent It - 2014-06-21", "object_id": "50", "change_message": "", "action_flag": 1, "action_time": "2014-06-24T13:55:54Z", "content_type": 19, "user": 1}}, {"model": "admin.logentry", "pk": 205, "fields": {"object_repr": "Student Rent It - 2014-06-24", "object_id": "51", "change_message": "", "action_flag": 1, "action_time": "2014-06-25T05:25:47Z", "content_type": 19, "user": 1}}, {"model": "admin.logentry", "pk": 206, "fields": {"object_repr": "Student Rent It - 2014-06-25", "object_id": "52", "change_message": "", "action_flag": 1, "action_time": "2014-06-27T04:22:22Z", "content_type": 19, "user": 1}}, {"model": "admin.logentry", "pk": 207, "fields": {"object_repr": "Student Rent It - 2014-06-26", "object_id": "53", "change_message": "", "action_flag": 1, "action_time": "2014-06-27T04:22:37Z", "content_type": 19, "user": 1}}, {"model": "admin.logentry", "pk": 208, "fields": {"object_repr": "Student Rent It - 2014-06-29", "object_id": "54", "change_message": "", "action_flag": 1, "action_time": "2014-06-30T04:32:29Z", "content_type": 19, "user": 1}}, {"model": "admin.logentry", "pk": 209, "fields": {"object_repr": "Student Rent It - 2014-06-30", "object_id": "55", "change_message": "", "action_flag": 1, "action_time": "2014-07-01T05:22:38Z", "content_type": 19, "user": 1}}, {"model": "admin.logentry", "pk": 210, "fields": {"object_repr": "Student Rent It - 2014-07-01", "object_id": "56", "change_message": "", "action_flag": 1, "action_time": "2014-07-02T03:10:49Z", "content_type": 19, "user": 1}}, {"model": "admin.logentry", "pk": 211, "fields": {"object_repr": "Student Rent It - 2014-04-01", "object_id": "14", "change_message": "Changed rate.", "action_flag": 2, "action_time": "2014-07-02T03:15:29Z", "content_type": 21, "user": 1}}, {"model": "admin.logentry", "pk": 212, "fields": {"object_repr": "Student Rent It - 2014-04-30", "object_id": "18", "change_message": "Changed rate.", "action_flag": 2, "action_time": "2014-07-02T03:15:41Z", "content_type": 21, "user": 1}}, {"model": "admin.logentry", "pk": 213, "fields": {"object_repr": "Student Rent It - 2014-07-01", "object_id": "29", "change_message": "Changed rate.", "action_flag": 2, "action_time": "2014-07-02T03:15:53Z", "content_type": 21, "user": 1}}, {"model": "admin.logentry", "pk": 214, "fields": {"object_repr": "Student Rent It - 2014-07-02", "object_id": "57", "change_message": "", "action_flag": 1, "action_time": "2014-07-03T05:09:53Z", "content_type": 19, "user": 1}}, {"model": "admin.logentry", "pk": 215, "fields": {"object_repr": "Student Rent It - 2014-07-06", "object_id": "58", "change_message": "", "action_flag": 1, "action_time": "2014-07-06T16:40:30Z", "content_type": 19, "user": 1}}, {"model": "admin.logentry", "pk": 216, "fields": {"object_repr": "Student Rent It - 2014-07-06", "object_id": "58", "change_message": "Changed hours and description.", "action_flag": 2, "action_time": "2014-07-07T02:02:08Z", "content_type": 19, "user": 1}}, {"model": "admin.logentry", "pk": 217, "fields": {"object_repr": "Student Rent It - 2014-07-07", "object_id": "59", "change_message": "", "action_flag": 1, "action_time": "2014-07-07T23:36:52Z", "content_type": 19, "user": 1}}, {"model": "admin.logentry", "pk": 218, "fields": {"object_repr": "Student Rent It - 2014-07-07", "object_id": "59", "change_message": "Changed hours and description.", "action_flag": 2, "action_time": "2014-07-08T03:24:58Z", "content_type": 19, "user": 1}}, {"model": "admin.logentry", "pk": 219, "fields": {"object_repr": "Student Rent It - 2014-07-08", "object_id": "60", "change_message": "", "action_flag": 1, "action_time": "2014-07-08T16:23:14Z", "content_type": 19, "user": 1}}, {"model": "admin.logentry", "pk": 220, "fields": {"object_repr": "Student Rent It - 2014-07-14", "object_id": "61", "change_message": "", "action_flag": 1, "action_time": "2014-07-15T23:29:37Z", "content_type": 19, "user": 1}}, {"model": "admin.logentry", "pk": 221, "fields": {"object_repr": "Student Rent It - 2014-07-15", "object_id": "62", "change_message": "", "action_flag": 1, "action_time": "2014-07-15T23:29:55Z", "content_type": 19, "user": 1}}, {"model": "admin.logentry", "pk": 222, "fields": {"object_repr": "Student Rent It - 2014-07-16", "object_id": "63", "change_message": "", "action_flag": 1, "action_time": "2014-07-16T20:31:18Z", "content_type": 19, "user": 1}}, {"model": "admin.logentry", "pk": 223, "fields": {"object_repr": "James Skewes", "object_id": "7", "change_message": "", "action_flag": 1, "action_time": "2014-07-20T18:58:36Z", "content_type": 18, "user": 1}}, {"model": "admin.logentry", "pk": 224, "fields": {"object_repr": "Inside Edge", "object_id": "5", "change_message": "", "action_flag": 1, "action_time": "2014-07-20T18:58:43Z", "content_type": 11, "user": 1}}, {"model": "admin.logentry", "pk": 225, "fields": {"object_repr": "Inside Edge Gym", "object_id": "5", "change_message": "", "action_flag": 1, "action_time": "2014-07-20T19:00:12Z", "content_type": 13, "user": 1}}, {"model": "admin.logentry", "pk": 226, "fields": {"object_repr": "Website for Inside Edge Gym", "object_id": "4", "change_message": "", "action_flag": 1, "action_time": "2014-07-20T19:00:50Z", "content_type": 15, "user": 1}}, {"model": "admin.logentry", "pk": 227, "fields": {"object_repr": "Inside Edge Gym - 2014-07-20", "object_id": "64", "change_message": "", "action_flag": 1, "action_time": "2014-07-20T19:01:32Z", "content_type": 19, "user": 1}}, {"model": "admin.logentry", "pk": 228, "fields": {"object_repr": "Student Rent It - 2014-07-21", "object_id": "65", "change_message": "", "action_flag": 1, "action_time": "2014-07-23T03:45:02Z", "content_type": 19, "user": 1}}, {"model": "admin.logentry", "pk": 229, "fields": {"object_repr": "Student Rent It - 2014-07-22", "object_id": "66", "change_message": "", "action_flag": 1, "action_time": "2014-07-24T05:58:15Z", "content_type": 19, "user": 1}}, {"model": "admin.logentry", "pk": 230, "fields": {"object_repr": "Student Rent It - 2014-07-23", "object_id": "67", "change_message": "", "action_flag": 1, "action_time": "2014-07-24T05:58:53Z", "content_type": 19, "user": 1}}, {"model": "admin.logentry", "pk": 231, "fields": {"object_repr": "Student Rent It - 2014-07-24", "object_id": "68", "change_message": "", "action_flag": 1, "action_time": "2014-07-24T20:43:56Z", "content_type": 19, "user": 1}}, {"model": "admin.logentry", "pk": 232, "fields": {"object_repr": "Student Rent It - 2014-07-24", "object_id": "68", "change_message": "Changed hours.", "action_flag": 2, "action_time": "2014-07-24T22:22:01Z", "content_type": 19, "user": 1}}, {"model": "admin.logentry", "pk": 233, "fields": {"object_repr": "Student Rent It - 2014-07-27", "object_id": "69", "change_message": "", "action_flag": 1, "action_time": "2014-07-28T05:03:59Z", "content_type": 19, "user": 1}}, {"model": "admin.logentry", "pk": 234, "fields": {"object_repr": "Student Rent It - 2014-07-28", "object_id": "70", "change_message": "", "action_flag": 1, "action_time": "2014-07-30T06:22:52Z", "content_type": 19, "user": 1}}, {"model": "admin.logentry", "pk": 235, "fields": {"object_repr": "Student Rent It - 2014-07-29", "object_id": "71", "change_message": "", "action_flag": 1, "action_time": "2014-07-30T06:23:09Z", "content_type": 19, "user": 1}}, {"model": "admin.logentry", "pk": 236, "fields": {"object_repr": "Student Rent It - 2014-07-30", "object_id": "72", "change_message": "", "action_flag": 1, "action_time": "2014-07-31T17:10:40Z", "content_type": 19, "user": 1}}, {"model": "admin.logentry", "pk": 237, "fields": {"object_repr": "Student Rent It - 2014-07-31", "object_id": "73", "change_message": "", "action_flag": 1, "action_time": "2014-08-01T00:28:04Z", "content_type": 19, "user": 1}}, {"model": "admin.logentry", "pk": 238, "fields": {"object_repr": "Student Rent It - 2014-08-01", "object_id": "74", "change_message": "", "action_flag": 1, "action_time": "2014-08-02T20:46:56Z", "content_type": 19, "user": 1}}, {"model": "admin.logentry", "pk": 239, "fields": {"object_repr": "Student Rent It - 2014-08-02", "object_id": "75", "change_message": "", "action_flag": 1, "action_time": "2014-08-04T03:59:34Z", "content_type": 19, "user": 1}}, {"model": "admin.logentry", "pk": 240, "fields": {"object_repr": "Student Rent It - 2014-08-03", "object_id": "76", "change_message": "", "action_flag": 1, "action_time": "2014-08-04T03:59:43Z", "content_type": 19, "user": 1}}, {"model": "admin.logentry", "pk": 241, "fields": {"object_repr": "Student Rent It - 2014-04-30", "object_id": "18", "change_message": "Changed status.", "action_flag": 2, "action_time": "2014-08-04T18:35:46Z", "content_type": 21, "user": 1}}, {"model": "admin.logentry", "pk": 242, "fields": {"object_repr": "Student Rent It - 2014-07-01", "object_id": "29", "change_message": "Changed status.", "action_flag": 2, "action_time": "2014-08-04T18:36:03Z", "content_type": 21, "user": 1}}, {"model": "admin.logentry", "pk": 243, "fields": {"object_repr": "Student Rent It - 2014-08-01", "object_id": "34", "change_message": "Changed status.", "action_flag": 2, "action_time": "2014-08-04T18:36:09Z", "content_type": 21, "user": 1}}, {"model": "admin.logentry", "pk": 244, "fields": {"object_repr": "Inside Edge Gym", "object_id": "5", "change_message": "Changed pay_amount.", "action_flag": 2, "action_time": "2014-08-04T18:37:40Z", "content_type": 13, "user": 1}}, {"model": "admin.logentry", "pk": 245, "fields": {"object_repr": "Student Rent It - 2014-08-04", "object_id": "77", "change_message": "", "action_flag": 1, "action_time": "2014-08-05T00:49:55Z", "content_type": 19, "user": 1}}, {"model": "admin.logentry", "pk": 246, "fields": {"object_repr": "Inside Edge Gym - 2014-08-04", "object_id": "40", "change_message": "Changed status.", "action_flag": 2, "action_time": "2014-08-05T05:10:37Z", "content_type": 21, "user": 1}}, {"model": "admin.logentry", "pk": 247, "fields": {"object_repr": "Student Rent It - 2014-08-05", "object_id": "78", "change_message": "", "action_flag": 1, "action_time": "2014-08-06T04:59:12Z", "content_type": 19, "user": 1}}, {"model": "admin.logentry", "pk": 248, "fields": {"object_repr": "Student Rent It - 2014-08-01", "object_id": "74", "change_message": "Changed invoice.", "action_flag": 2, "action_time": "2014-08-06T05:02:14Z", "content_type": 19, "user": 1}}, {"model": "admin.logentry", "pk": 249, "fields": {"object_repr": "Student Rent It - 2014-08-02", "object_id": "75", "change_message": "Changed invoice.", "action_flag": 2, "action_time": "2014-08-06T05:02:27Z", "content_type": 19, "user": 1}}, {"model": "admin.logentry", "pk": 250, "fields": {"object_repr": "Student Rent It - 2014-08-03", "object_id": "76", "change_message": "Changed invoice.", "action_flag": 2, "action_time": "2014-08-06T05:02:34Z", "content_type": 19, "user": 1}}, {"model": "admin.logentry", "pk": 251, "fields": {"object_repr": "Student Rent It - 2014-08-04", "object_id": "77", "change_message": "Changed invoice.", "action_flag": 2, "action_time": "2014-08-06T05:02:43Z", "content_type": 19, "user": 1}}, {"model": "admin.logentry", "pk": 252, "fields": {"object_repr": "Student Rent It - 2014-08-05", "object_id": "78", "change_message": "Changed invoice.", "action_flag": 2, "action_time": "2014-08-06T05:02:52Z", "content_type": 19, "user": 1}}, {"model": "admin.logentry", "pk": 253, "fields": {"object_repr": "Student Rent It - 2014-08-06", "object_id": "44", "change_message": "Changed status.", "action_flag": 2, "action_time": "2014-09-01T20:52:31Z", "content_type": 21, "user": 1}}, {"model": "admin.logentry", "pk": 254, "fields": {"object_repr": "Dennis Wester Translating - 2014-08-04", "object_id": "41", "change_message": "Changed status.", "action_flag": 2, "action_time": "2014-09-01T21:04:21Z", "content_type": 21, "user": 1}}, {"model": "admin.logentry", "pk": 255, "fields": {"object_repr": "RentVersity", "object_id": "1", "change_message": "Changed name and contacts.", "action_flag": 2, "action_time": "2014-09-23T05:15:12Z", "content_type": 11, "user": 1}}, {"model": "admin.logentry", "pk": 256, "fields": {"object_repr": "Student Rent It - 2014-09-22", "object_id": "79", "change_message": "", "action_flag": 1, "action_time": "2014-09-23T05:15:50Z", "content_type": 19, "user": 1}}, {"model": "admin.logentry", "pk": 257, "fields": {"object_repr": "RentVersity", "object_id": "1", "change_message": "Changed title and pay_amount.", "action_flag": 2, "action_time": "2014-09-23T05:16:43Z", "content_type": 13, "user": 1}}, {"model": "admin.logentry", "pk": 258, "fields": {"object_repr": "Student Rent It", "object_id": "1", "change_message": "Changed name.", "action_flag": 2, "action_time": "2014-09-23T05:17:00Z", "content_type": 11, "user": 1}}, {"model": "admin.logentry", "pk": 259, "fields": {"object_repr": "Student Rent It", "object_id": "1", "change_message": "Changed title.", "action_flag": 2, "action_time": "2014-09-23T05:17:15Z", "content_type": 13, "user": 1}}, {"model": "admin.logentry", "pk": 260, "fields": {"object_repr": "Brenden Martin", "object_id": "6", "change_message": "", "action_flag": 1, "action_time": "2014-09-23T05:17:36Z", "content_type": 11, "user": 1}}, {"model": "admin.logentry", "pk": 261, "fields": {"object_repr": "Rent Versity", "object_id": "6", "change_message": "", "action_flag": 1, "action_time": "2014-09-23T05:18:09Z", "content_type": 13, "user": 1}}, {"model": "admin.logentry", "pk": 262, "fields": {"object_repr": "Rent Versity - 2014-09-22", "object_id": "79", "change_message": "Changed project.", "action_flag": 2, "action_time": "2014-09-23T05:18:24Z", "content_type": 19, "user": 1}}, {"model": "admin.logentry", "pk": 263, "fields": {"object_repr": "RentVersity", "object_id": "6", "change_message": "Changed title.", "action_flag": 2, "action_time": "2014-09-23T05:18:35Z", "content_type": 13, "user": 1}}, {"model": "admin.logentry", "pk": 264, "fields": {"object_repr": "RentVersity - 2014-09-23", "object_id": "80", "change_message": "", "action_flag": 1, "action_time": "2014-09-24T07:10:42Z", "content_type": 19, "user": 1}}, {"model": "admin.logentry", "pk": 265, "fields": {"object_repr": "RentVersity - 2014-09-24", "object_id": "81", "change_message": "", "action_flag": 1, "action_time": "2014-09-25T06:21:57Z", "content_type": 19, "user": 1}}, {"model": "admin.logentry", "pk": 266, "fields": {"object_repr": "RentVersity - 2014-09-25", "object_id": "82", "change_message": "", "action_flag": 1, "action_time": "2014-09-26T07:03:43Z", "content_type": 19, "user": 1}}, {"model": "admin.logentry", "pk": 267, "fields": {"object_repr": "RentVersity", "object_id": "6", "change_message": "No fields changed.", "action_flag": 2, "action_time": "2014-09-26T07:04:23Z", "content_type": 13, "user": 1}}, {"model": "admin.logentry", "pk": 268, "fields": {"object_repr": "RentVersity - 2014-09-26", "object_id": "83", "change_message": "", "action_flag": 1, "action_time": "2014-09-27T07:11:20Z", "content_type": 19, "user": 1}}, {"model": "admin.logentry", "pk": 269, "fields": {"object_repr": "RentVersity - 2014-09-27", "object_id": "84", "change_message": "", "action_flag": 1, "action_time": "2014-09-29T05:22:10Z", "content_type": 19, "user": 1}}, {"model": "admin.logentry", "pk": 270, "fields": {"object_repr": "RentVersity - 2014-09-28", "object_id": "85", "change_message": "", "action_flag": 1, "action_time": "2014-09-29T05:22:19Z", "content_type": 19, "user": 1}}, {"model": "admin.logentry", "pk": 271, "fields": {"object_repr": "Student Rent It - 2014-08-01", "object_id": "34", "change_message": "Changed status.", "action_flag": 2, "action_time": "2014-10-02T17:23:49Z", "content_type": 21, "user": 1}}, {"model": "admin.logentry", "pk": 272, "fields": {"object_repr": "RentVersity", "object_id": "3", "change_message": "Changed title and link.", "action_flag": 2, "action_time": "2014-10-09T02:27:43Z", "content_type": 10, "user": 1}}, {"model": "admin.logentry", "pk": 273, "fields": {"object_repr": "RentVersity", "object_id": "3", "change_message": "Changed image.", "action_flag": 2, "action_time": "2014-10-09T02:28:25Z", "content_type": 10, "user": 1}}, {"model": "admin.logentry", "pk": 274, "fields": {"object_repr": "Travel Blog Wave", "object_id": "1", "change_message": "Changed title, image, text and link.", "action_flag": 2, "action_time": "2014-10-09T02:36:54Z", "content_type": 10, "user": 1}}, {"model": "admin.logentry", "pk": 275, "fields": {"object_repr": "Travel Blog Wave", "object_id": "1", "change_message": "Changed text.", "action_flag": 2, "action_time": "2014-10-09T02:37:24Z", "content_type": 10, "user": 1}}, {"model": "admin.logentry", "pk": 276, "fields": {"object_repr": "RentVersity", "object_id": "3", "change_message": "Changed link.", "action_flag": 2, "action_time": "2014-10-21T19:23:13Z", "content_type": 10, "user": 1}}]